date,year,month,day_of_year,system:time_start,system_index,scene_cloud_percent,GCC,NDVI,NDVI_RAW_ORIGINAL,NDVI_WINDOW_DAYS,NDTI,NDPI,FAI,NDCI,KINNERET_2B,KINNERET_3B
2019-05-01,2019,5,121,1.556699463E12,20190501T081611_20190501T081607_T36SYB,21.503246,0.4116374413734651,-0.201116038262915,0.09111490113497053,31,0.15190266206965047,0.26709765302864297,0.004523902907137076,0.16938078219320218,1.4339332104105618,0.3391394346436494
2019-05-11,2019,5,131,1.557563463E12,20190511T081611_20190511T082555_T36SYB,8.595087,0.3926495832608389,-0.19682774396367,-0.5680221916036514,41,-0.00455181869221572,-0.736535468937156,-0.016909971400104973,0.10296931530635152,1.2358980930220114,0.06494328701909442
2019-05-16,2019,5,136,1.557995468E12,20190516T081609_20190516T082859_T36SYB,8.402434,0.3795199917720561,-0.191717367364917,-0.16275926844494085,46,0.020654793216648294,-0.14628448013718548,-0.008572233015754405,0.1266450770929603,1.3004562078076578,0.16327162812963697
2019-05-21,2019,5,141,1.558427462E12,20190521T081611_20190521T082941_T36SYB,13.533688,0.41564469416277927,-0.175194224625025,-0.08047363220360328,51,0.06985326618550143,-0.008765729355553857,-0.00527185157262357,0.1629137656486193,1.426005644435665,0.25419223550390085
2019-05-26,2019,5,146,1.558859468014E12,20190526T081609_20190526T082331_T36SYB,3.976715,0.40775425601523835,-0.170361935218926,-0.254700681734391,56,-0.012805319127510295,-0.7060529708010408,-0.009679228818434405,0.1837383918928276,1.6737514599772116,0.34836321624612443
2019-05-31,2019,5,151,1.55929146204E12,20190531T081611_20190531T081627_T36SYB,1.757144,0.3817392963226004,-0.166621650417756,0.0047017355164532225,61,0.06115356388768818,0.018677029659911526,7.068832712112162E-4,0.12780337319421664,1.3049682922687782,0.23161469813754457
2019-06-10,2019,6,161,1.560155462099E12,20190610T081611_20190610T081757_T36SYB,0.046002,0.3663797232979026,-0.179973645408774,-0.3375451138516613,61,0.07921384126473495,-0.44107013856585997,-0.015801927557310993,0.07749997198955727,1.1766945910531708,0.07338300350691186
2019-06-15,2019,6,166,1.560587466E12,20190615T081609_20190615T082515_T36SYB,12.785927,0.34536961974785463,-0.188776553591046,-0.024657056190803963,61,-0.04357680462478049,-0.49639487217298495,0.00579120273011129,0.0502572400912779,1.1061370564917878,0.09733785331083158
2019-06-20,2019,6,171,1.561019463E12,20190620T081611_20190620T082150_T36SYB,16.285901,0.35274651681250435,-0.212473845706035,-0.022197481569493624,61,-0.040735125586073964,-0.38658562621201575,0.004279333089175095,0.06484920304640047,1.139879384520013,0.1231390633659101
2019-06-25,2019,6,176,1.561451467869E12,20190625T081609_20190625T083055_T36SYB,0.386722,0.36730787586686453,-0.251450878561399,-0.1869893177481946,61,-0.004668215596823064,-0.3171623314279596,-0.008429114574530229,0.12361685760382124,1.2886466809916248,0.1624141847999667
2019-06-30,2019,6,181,1.561883464161E12,20190630T081611_20190630T082343_T36SYB,5.088961,0.36246867592180787,-0.302577929951125,-0.08322455590895472,61,-0.03883427899214319,-0.4103344767743558,-0.004675032602990756,0.09175982305832465,1.2078120262816041,0.15934793836043915
2019-07-05,2019,7,186,1.562315468E12,20190705T081609_20190705T082331_T36SYB,3.461611,0.3492334101892903,-0.352068850756802,-0.28416808931445015,61,0.0021635781791641733,-0.6123824854390051,-0.014362337652228836,0.05174276336425561,1.1103646351282086,0.06077253772458736
2019-07-15,2019,7,196,1.563179468259E12,20190715T081609_20190715T082251_T36SYB,5.902293,0.34418101456296357,-0.397463482206037,-0.570598605376248,61,0.059774114021378694,-0.6402814085701513,-0.02352417972120661,0.04023398420035719,1.0848757746035738,0.025787609558768052
2019-07-20,2019,7,201,1.563611464602E12,20190720T081611_20190720T081850_T36SYB,3.400934,0.3493467523274684,-0.41043876077712,-0.3178542260012781,61,0.02072887213075509,-0.6441784593746125,-0.017008884544788716,0.03876376650906346,1.0811682427832827,0.04342156760963414
2019-07-25,2019,7,206,1.564043467877E12,20190725T081609_20190725T082353_T36SYB,2.734533,0.33284082585519315,-0.412572010742845,-0.8309042707514186,61,0.08614432668374182,-0.8411965781187276,-0.03031445622392427,0.022733635709995592,1.0474646113098205,0.00914625406237114
2019-07-30,2019,7,211,1.564475464187E12,20190730T081611_20190730T082509_T36SYB,0.052153,0.34726146497515625,-0.404835570145107,-0.7372133891469004,61,0.07470380898965023,-0.7338080578856353,-0.02946146465118209,0.023743302775907412,1.0505733460672406,0.012043533074239901
2019-08-04,2019,8,216,1.564907467128E12,20190804T081609_20190804T082330_T36SYB,0.630618,0.33915395916669494,-0.392950544251945,-0.6210858542127755,61,0.026597476298910572,-0.6550555993700868,-0.0315275022461815,0.017457091936256018,1.0361399422708775,0.012438857495223167
2019-08-09,2019,8,221,1.565339463376E12,20190809T081611_20190809T081759_T36SYB,2.429438,0.35714536242602424,-0.369458840204501,-0.5758255677380387,61,0.05753866912413962,-0.6146978520426695,-0.02477513566787947,0.04046091247107457,1.0850874416063963,0.024653626596989744
2019-08-14,2019,8,226,1.565771465942E12,20190814T081609_20190814T081909_T36SYB,0.510264,0.3496093711933689,-0.340843190980643,-0.29469257347677186,61,0.02008686161134141,-0.32814801194248144,-0.018477026063118445,0.06631599822306689,1.1436594427916271,0.07823255103868479
2019-08-19,2019,8,231,1.566203462165E12,20190819T081611_20190819T082341_T36SYB,4.523157,0.3743784369336244,-0.321944396993372,-0.10682432586464154,61,-0.03134303980074767,-0.5068867811838986,-0.0034223519595894905,0.10818038009189407,1.250590052181605,0.1754784415845425
2019-08-24,2019,8,236,1.566635464344E12,20190824T081609_20190824T082450_T36SYB,0.00494,0.37706860548952564,-0.292274974323125,-0.11901689212826717,61,-0.06945882335612183,-0.49095441912908583,-0.003986282591871046,0.14889855888191184,1.3624329978475673,0.254069499397651
2019-08-29,2019,8,241,1.567067460519E12,20190829T081601_20190829T082903_T36SYB,2.85515,0.3677102121592589,-0.22596467980635,-0.005820134781329363,61,-0.04719802088146822,-0.36897013606513956,0.0050780168293109605,0.11194860666210371,1.2565667811277752,0.2155453267335849
2019-09-03,2019,9,246,1.567499462375E12,20190903T081609_20190903T082355_T36SYB,3.25201,0.38196998615943867,-0.163573540507938,-0.027127665770058016,61,-0.0835494737722896,-0.5990646903289013,0.003632520497332752,0.1640380443689169,1.4167876931287895,0.2933086233923019
2019-09-08,2019,9,251,1.56793145843E12,20190908T081601_20190908T083006_T36SYB,28.513765,0.3656221746096285,-0.109742860639772,-0.07334056139995863,61,-0.06829685809727466,-0.5639058697829004,-5.853310115378116E-4,0.10128250540116561,1.233666407279136,0.1799937796232271
2019-09-13,2019,9,256,1.568363459935E12,20190913T081609_20190913T082417_T36SYB,3.392524,0.36662172049425107,-0.073055712734192,-0.17703717577775294,61,-0.040047415855751396,-0.6493200238149137,-0.007421990354021923,0.10677717878869519,1.2453141490036599,0.14900726792308744
2019-09-18,2019,9,261,1.568795459063E12,20190918T081601_20190918T082614_T36SYB,0.001397,0.39856053579036216,-0.057452462202998,-0.28020116111742727,61,-0.008390434232236586,-0.5528912800034128,-0.011220905544732375,0.14728866014711567,1.3632271229108675,0.17630997047345742
2019-09-23,2019,9,266,1.569227459079E12,20190923T081639_20190923T081928_T36SYB,0.020793,0.39876435884193717,-0.046792315118957,-0.08171137146224537,61,-0.053450257889200936,-0.7098768794602384,-5.522538911573093E-4,0.2087577892606199,1.5437579151186467,0.3252268432718354
2019-09-28,2019,9,271,1.569659460776E12,20190928T081721_20190928T082121_T36SYB,5.363512,0.3927209887142804,-0.035347340426229,0.08040370596655838,61,-0.08641255530909513,-0.5498584584233701,0.014431639490094563,0.16164389696119705,1.3938881127297746,0.363484991357257
2019-10-08,2019,10,281,1.570523461959E12,20191008T081831_20191008T081828_T36SYB,6.614392,0.3830782783700316,-0.024383705779157,0.047089766969287655,61,-0.04379731089213118,-0.33194794720502446,0.008979398749848036,0.14157659876232032,1.335401366827973,0.2925393480154788
2019-10-13,2019,10,286,1.570955460652E12,20191013T081859_20191013T083011_T36SYB,0.001447,0.3581906240251619,-0.018228291313237,-0.057708453955289035,61,0.006326409105934696,-0.4181085228478414,0.0010402249220878965,0.10404626457519474,1.2377828119264143,0.1928366223628936
2019-10-28,2019,10,301,1.572251462736E12,20191028T082041_20191028T082853_T36SYB,36.403585,0.36883066071852283,0.017780343587766,0.08490572606440701,61,-0.06897363706506063,-0.5535971911976183,0.018376775276584257,0.1272142390789113,1.2935564345928567,0.2971529219833085
2019-11-07,2019,11,311,1.573115462186E12,20191107T082141_20191107T082245_T36SYB,0.004519,0.35546875414719115,-0.002080776946355,-0.002377074511381148,61,0.04429187647987077,-0.210286119211534,0.00485121783809109,0.07387251807160168,1.1600257720403147,0.1388857906276853
2019-11-12,2019,11,316,1.573547458632E12,20191112T082109_20191112T082610_T36SYB,0.011619,0.348157094757531,-0.02189661303463,-0.06462053477050995,61,0.04472738796499205,-0.5807009432239585,0.0010689204169743126,0.08061020281315788,1.1758980359922004,0.13616495231358067
2019-11-17,2019,11,321,1.573979461041E12,20191117T082221_20191117T082544_T36SYB,0.534076,0.3484716424022676,-0.030388026575407,0.1790199290591868,61,0.11269187115525194,-0.5828212396797071,0.026141751517469815,0.10929910556920235,1.247029567300995,0.2414393001054681
2019-11-22,2019,11,326,1.574411456661E12,20191122T082149_20191122T082847_T36SYB,27.325825,0.34524262941693806,-0.045994499964529,-0.11204499120062314,61,0.0993556298348776,-0.4609113042700029,-0.002028400970824846,0.05569913477536792,1.119555753355953,0.08117449602011738
2019-11-27,2019,11,331,1.574843459246E12,20191127T082301_20191127T082300_T36SYB,1.283483,0.3677874170952013,-0.065633436493704,-0.0629912230296964,61,0.008954127050613611,-0.2728320388044544,-0.001885408338003612,0.11189300119664597,1.2536853116329687,0.185719411473753
2019-12-02,2019,12,336,1.575275454075E12,20191202T082219_20191202T082345_T36SYB,29.409287,0.33590911265184015,-0.079394710454472,0.08961124728751961,61,-0.06057034843196439,-0.07574773282774165,0.013250568326568322,0.0551993154565243,1.1185503719112648,0.11828716919265106
2019-12-07,2019,12,341,1.575707456792E12,20191207T082331_20191207T082326_T36SYB,4.801557,0.3842870638445721,-0.102116236540931,-0.2931592695939133,61,-0.004363573773917812,-0.8286197860100037,-0.010429190766785579,0.10345183837393122,1.2326881668209961,0.12110113659149022
2019-12-17,2019,12,351,1.576571453752E12,20191217T082341_20191217T082337_T36SYB,0.050766,0.37712431342224645,-0.173824219714379,-0.10457077653920066,61,0.024638510135870317,-0.6197220696179343,-0.0012760149033771307,0.10383312394831758,1.2325156904277383,0.15840307679243767
2019-12-22,2019,12,356,1.577003454439E12,20191222T082249_20191222T082244_T36SYB,0.461498,0.34750441726096554,-0.212298522071589,-0.23287639112949526,61,0.06274305186185379,-0.744152496710526,-0.007601465889176521,0.06578936243426112,1.1419533324204587,0.077674202798778
2020-01-01,2020,1,1,1.5778674545E12,20200101T082239_20200101T082239_T36SYB,50.895932,0.3601044784069224,-0.264293100212721,-0.06732887268276982,61,-0.018629912714093075,-0.36011376515587207,-0.0010820547519711538,0.10802686296639553,1.2441947758438674,0.18017024262699213
2020-01-06,2020,1,6,1.578299453945E12,20200106T082331_20200106T082325_T36SYB,0.905853,0.40656583344346353,-0.275735688618598,-0.37743883920056914,61,0.0069834658481698056,-0.7775854058614513,-0.014429563440171515,0.11264804329004684,1.2603010172740043,0.10599401244520809
2020-01-11,2020,1,11,1.578731454031E12,20200111T082219_20200111T082218_T36SYB,22.19282,0.37369081140413324,-0.27382995585714,-0.4618395665007988,61,-0.03900587656117355,-0.783349441610367,-0.029665751811030153,-0.01062738786161524,0.9792766027514024,-0.009424547154494013
2020-01-21,2020,1,21,1.579595452957E12,20200121T082139_20200121T082732_T36SYB,59.469927,0.3857598942742203,-0.256356642417965,-0.3930307681281794,61,-0.056409409206649136,-0.7398059964724363,-0.01264746222263735,0.16787922350631793,1.4046079825223814,0.16060707465216195
2020-01-26,2020,1,26,1.580027452539E12,20200126T082221_20200126T082235_T36SYB,1.821324,0.43962323434299694,-0.229463806691709,-0.5407160471927137,61,-0.04257159673918943,-0.7443084937746393,-0.014951657496612198,0.13001962938074962,1.3000496413653757,0.08224243368932233
2020-01-31,2020,1,31,1.580459451961E12,20200131T082059_20200131T082459_T36SYB,41.381671,0.3344378818458493,-0.207119423982314,-0.051298696188137476,61,0.05557408461784335,-0.6334814240065574,0.0032615758408724984,0.11282472696677776,1.2549554760135566,0.1867782151923984
2020-02-05,2020,2,36,1.58089145104E12,20200205T082121_20200205T082235_T36SYB,6.152468,0.4148270384042506,-0.181518006787526,-0.3042950992358444,61,-0.06084161470856553,-0.7513352957674592,-0.010841431744252594,0.1860734835783647,1.4599378005768944,0.19696477978198848
2020-02-25,2020,2,56,1.582619454391E12,20200225T081921_20200225T082505_T36SYB,43.538014,0.35454092206779536,-0.032058178814253,0.17639468704862213,61,-0.049687360088005665,-0.04293723354343583,0.05045922762797822,0.11725610674798616,1.266538248336045,0.30631628209368067
2020-03-11,2020,3,71,1.583915457419E12,20200311T081739_20200311T082552_T36SYB,0.017137,0.3956932739679088,-0.030849481551253,0.07246295599467041,61,0.013593894656077398,-0.1141761184930936,0.008368539574307835,0.18452595798872581,1.455265699687444,0.3223857191680263
2020-03-16,2020,3,76,1.584347455739E12,20200316T081651_20200316T082337_T36SYB,6.655107,0.3851462300322979,-0.067803550428456,-0.030483821738431886,61,-0.07119514552957315,-0.49839733053924706,0.0027162676321540514,0.14826931167378257,1.3515632030382796,0.25973862711926066
2020-03-26,2020,3,86,1.585211455677E12,20200326T081601_20200326T082334_T36SYB,16.20775,0.38706464542756946,-0.120267832692092,0.02615882455238037,61,0.011861187914566777,-0.20158056581807526,0.005542109751435004,0.15179687546042447,1.3594235594401727,0.2649199694707313
2020-04-15,2020,4,106,1.586939458995E12,20200415T081601_20200415T082058_T36SYB,8.198327,0.3831343565692971,-0.233569977620701,-0.6550102186593244,61,0.0029349530495944723,-0.5928249569216549,-0.024360953589294247,0.07978634672539137,1.1740147887021475,0.04165173570590572
2020-04-20,2020,4,111,1.58737145431E12,20200420T081559_20200420T083012_T36SYB,15.682102,0.38131162513175026,-0.233458356245928,-0.2141666530836192,61,0.027640417699344066,-0.12080895771307075,-0.01170713377604607,0.1333048114093471,1.3098379563966192,0.13741953424344125
2020-04-25,2020,4,116,1.58780346139E12,20200425T081611_20200425T082332_T36SYB,61.540454,0.3487092697946238,-0.238617389876557,-0.12580585238036723,61,-0.05420628618361945,-0.5338662598155433,-0.007372886936267749,0.06406752126034711,1.1377307182652108,0.09747811159838297
2020-04-30,2020,4,121,1.588235455506E12,20200430T081559_20200430T082203_T36SYB,16.46172,0.36689570709305785,-0.247526878777291,-0.40770746806730024,61,-0.039115497606287554,-0.7129797030610647,-0.016306455911089767,0.07863463057053816,1.1718560838456307,0.07446860557349334
2020-05-10,2020,5,131,1.589099457816E12,20200510T081559_20200510T082220_T36SYB,19.763388,0.3420421181682145,-0.224900700755756,-0.17319778296444222,61,-0.06738245040681268,-0.37300160248391184,-0.007430103382158174,0.02851267511897933,1.060039832234873,0.03992982701238958
2020-05-20,2020,5,141,1.589963459592E12,20200520T081609_20200520T082634_T36SYB,0.276084,0.37253217789510173,-0.183684614161956,0.021057556106061963,61,0.042115174251050935,-0.06292625150400784,0.0041497583761071445,0.1353585149612716,1.3226809641951205,0.24760987276633534
2020-05-25,2020,5,146,1.590395465401E12,20200525T081611_20200525T082633_T36SYB,11.5605,0.35788262447442354,-0.179329797404252,-0.10366200345159719,61,0.017375710954736234,-0.3060413141527334,-0.006389699199133,0.09099152866890667,1.2177262038792567,0.1708875972851764
2020-05-30,2020,5,151,1.590827460894E12,20200530T081609_20200530T082208_T36SYB,1.79517,0.351923952740148,-0.161796553983656,-0.18198173829517952,61,0.027961875885706176,-0.4076290892144462,-0.0092939499988762,0.09105365018190759,1.2168397821757406,0.14400365941796506
2020-06-04,2020,6,156,1.59125946578E12,20200604T081611_20200604T083035_T36SYB,11.415626,0.3576687587936245,-0.137091444747192,-0.07015869490332906,61,0.0716632404185862,-0.30051215818112625,-1.8517732652249236E-4,0.13931048092502582,1.3388945808193933,0.22508107547855805
2020-06-09,2020,6,161,1.591691461708E12,20200609T081609_20200609T082354_T36SYB,0.097724,0.347895173151422,-0.11908398903074,-0.2930036331037085,61,0.07770997489118,-0.303839675100646,-0.012955678102176791,0.08320004368980255,1.189610437243978,0.09640461364277463
2020-06-14,2020,6,166,1.592123465636E12,20200614T081611_20200614T082228_T36SYB,0.633356,0.3551153313550189,-0.112161816012479,-0.30730951058393247,61,0.07962609268809709,-0.45147704481221657,-0.013561520997804461,0.08526040314852878,1.2023356981296724,0.11091924236940963
2020-06-19,2020,6,171,1.592555461998E12,20200619T081609_20200619T083045_T36SYB,36.599805,0.3370227344637617,-0.111204501501767,-0.17360072389473005,61,-0.0018733208343407705,-0.2819588508528559,-0.01834296913316669,0.04159010719016479,1.0924765070000715,0.06283191032629645
2020-06-24,2020,6,176,1.592987465114E12,20200624T081611_20200624T082509_T36SYB,2.20601,0.3468373704511272,-0.119455182735796,-0.09375546466738854,61,0.015295481427620092,-0.17483096913587437,-0.011181681472565702,0.07112625002652015,1.16558890108606,0.13292344340414858
2020-06-29,2020,6,181,1.593419461865E12,20200629T081609_20200629T082209_T36SYB,6.705306,0.35470655229068937,-0.109018468059286,0.021402094905141597,61,-0.06392344688183324,-0.4626744287857989,0.009511761821734736,0.10929703787219061,1.2606855598938649,0.2470887794238695
2020-07-04,2020,7,186,1.593851464152E12,20200704T081611_20200704T081759_T36SYB,1.467918,0.37835206230940993,-0.111088152230947,-0.11327339387320849,61,-0.019168160260799965,-0.3580875939053808,-5.559182656810147E-4,0.1860263806196698,1.5107166531015623,0.3912878759991
2020-07-09,2020,7,191,1.594283461339E12,20200709T081609_20200709T083033_T36SYB,13.921995,0.360389513054701,-0.107630727370108,0.035749381324504614,61,-0.05662421851705886,-0.501678775805196,0.00984497587764167,0.1795859053544159,1.4679057782229024,0.40527754098222524
2020-07-14,2020,7,196,1.594715464008E12,20200714T081611_20200714T081911_T36SYB,2.963358,0.38543046602315223,-0.091388023153553,-0.10699326142894508,61,-0.03452075671571807,-0.42733619163209935,0.0019711704532987028,0.21995749024034478,1.6291221382748882,0.47700086861488744
2020-07-19,2020,7,201,1.595147461022E12,20200719T081609_20200719T082722_T36SYB,0.409,0.37457930080530366,-0.092514461423848,0.02876249331197029,61,-0.03016519110325014,-0.35309753689555684,0.011663934998621159,0.22396757465966302,1.633296674680886,0.5522768721564341
2020-07-24,2020,7,206,1.595579464923E12,20200724T081611_20200724T082516_T36SYB,0.719719,0.39375515774097825,-0.101090444695281,-0.2349892934949018,61,-0.04272847704256394,-0.5442972959279233,-0.001844676475733827,0.20714651348266847,1.5767862509376096,0.37697198406060567
2020-07-29,2020,7,211,1.596011462091E12,20200729T081609_20200729T081931_T36SYB,0.803212,0.35788127080529974,-0.11337566530587,0.14388956510392042,61,-0.051750169181082495,-0.16395430204435518,0.026200760751277297,0.12284959713961231,1.2853775500489488,0.2974314199007366
2020-08-03,2020,8,216,1.596443465401E12,20200803T081611_20200803T082535_T36SYB,2.209183,0.4083345380221412,-0.117365950475769,-0.36676415645713006,61,-0.06078117268806236,-0.5145380347128452,-0.004683564260064823,0.19217413262566468,1.5254896968266412,0.3402146294116861
2020-08-08,2020,8,221,1.59687546278E12,20200808T081609_20200808T082811_T36SYB,6.382958,0.3762589003364488,-0.11092738457523,0.049315959502696786,61,-0.06973508185471915,-0.25726840811449864,0.008061107930873947,0.1604229271741999,1.3912349272033482,0.323949368339868
2020-08-13,2020,8,226,1.597307465395E12,20200813T081611_20200813T082427_T36SYB,1.800751,0.42771420623383427,-0.105486531438277,-0.20048562742485496,61,-0.11525713837438405,-0.3947855691330248,-0.0059383440527341165,0.21551966085266644,1.5610582329629197,0.2867632337082029
2020-08-18,2020,8,231,1.597739462998E12,20200818T081609_20200818T082854_T36SYB,0.615678,0.4085982675391661,-0.101508071957827,-0.31229048639317347,61,-0.1048190579315733,-0.5202505233170258,-0.007788357136926629,0.19029318906663162,1.4809381353040292,0.21946611794266707
2020-08-23,2020,8,236,1.598171463446E12,20200823T081611_20200823T082256_T36SYB,1.961136,0.40766360289075376,-0.097668772203116,-0.20228903593002862,61,-0.09017454062206486,-0.5003591698579951,-0.00576020214892109,0.17132073704011574,1.421510038224643,0.23454782042989952
2020-08-28,2020,8,241,1.59860346279E12,20200828T081609_20200828T082254_T36SYB,1.259641,0.39784015837240017,-0.092913170361386,-0.1944275298592577,61,-0.1008381617317377,-0.5188287576049456,-0.0050189609594382635,0.16737065800373147,1.409016611455692,0.22491463115200552
2020-09-02,2020,9,246,1.599035464201E12,20200902T081611_20200902T082252_T36SYB,0.753206,0.39195749864164414,-0.092179306826993,-0.005630946225428654,61,-0.07069517562877094,-0.23919440465361136,0.0021527264566079253,0.15681112239023354,1.374364619253595,0.2848934269084543
2020-09-07,2020,9,251,1.599467462187E12,20200907T081609_20200907T081959_T36SYB,0.114708,0.3803804743677794,-0.085417407225625,0.045230997804375034,61,-0.05428831119944534,-0.09764672041161246,0.0052781176628444535,0.1528320729527371,1.362620201715512,0.28948956743552534
2020-09-12,2020,9,256,1.599899463367E12,20200912T081611_20200912T081817_T36SYB,0.326568,0.40030531484692866,-0.087470886784708,0.04489722228701137,61,-0.0684208373286169,-0.20908471275196125,0.00590067581151646,0.1866198056618914,1.4602308558769646,0.3493418420138626
2020-09-17,2020,9,261,1.600331461092E12,20200917T081609_20200917T082932_T36SYB,0.01712,0.3832530168514025,-0.073532342170057,-0.0368544046431635,61,-0.07012361404269962,-0.2965511597640418,-6.662224713037328E-5,0.15848812700982876,1.377862375430354,0.2701367823469195
2020-09-22,2020,9,266,1.600763464539E12,20200922T081641_20200922T082255_T36SYB,2.746733,0.4100810288632192,-0.054932132251068,-0.025261670910072587,61,-0.09789903553632438,-0.5646099401645401,0.0032671117886721285,0.18552967264138975,1.4568633603943018,0.32208613463660424
2020-09-27,2020,9,271,1.601195462304E12,20200927T081719_20200927T081901_T36SYB,0.001297,0.4377543860107602,-0.042624973729101,-0.025524565370405407,61,-0.1337575423730502,-0.5599849989537617,0.003128723894626656,0.26032009126882366,1.708549804549707,0.42902647289359425
2020-10-02,2020,10,276,1.601627465224E12,20201002T081801_20201002T082254_T36SYB,2.87086,0.4078442238641016,-0.031245137195279,-0.06868160375455075,61,-0.04357092853297391,-0.446429882588623,-7.444621766758884E-4,0.15929744476587787,1.380444033731861,0.24794416933124908
2020-10-07,2020,10,281,1.602059463091E12,20201007T081759_20201007T082035_T36SYB,9.49E-4,0.40989504156331136,-0.032327546284446,-0.15060715572449573,61,-0.03095117269809973,-0.3308440345373213,-0.005783983317469215,0.1712699953254121,1.4204683905167803,0.24308070081518066
2020-10-12,2020,10,286,1.602491465262E12,20201012T081901_20201012T082255_T36SYB,0.326333,0.3868464561171601,-0.036666298839074,-0.025690439332232567,61,-0.03810914961176713,-0.31048860189833904,0.001544143115120137,0.12707489157885066,1.2948356722685435,0.23285436491402597
2020-10-17,2020,10,291,1.60292346321E12,20201017T081839_20201017T082106_T36SYB,4.341843,0.4148033283857195,-0.040267305128281,-0.10813525163424036,61,-0.0822896310262793,-0.6137175357500786,3.4543067379514276E-4,0.17822339147746205,1.4525466718740239,0.3354382641156425
2020-10-22,2020,10,296,1.603355464793E12,20201022T082011_20201022T082255_T36SYB,8.23E-4,0.3926719862589691,-0.035951357935192,0.0031445924290630744,61,-0.0414072121189048,-0.3347104939149801,0.0044348787506783005,0.15659985314334224,1.3755276596476138,0.295754189049703
2020-10-27,2020,10,301,1.60378746269E12,20201027T082009_20201027T082253_T36SYB,1.038776,0.38749473007027163,-0.031941306438667,-0.08375822750889161,61,-0.03913138249787489,-0.47734228321255534,-8.91671388836997E-4,0.14379358458953065,1.3524559277228276,0.26925892713283983
2020-11-01,2020,11,306,1.60421946451E12,20201101T082111_20201101T082254_T36SYB,57.520183,0.3536909503023135,-0.034264124478031,0.08904733385075317,61,-0.008437337696583003,-0.11350089362394018,0.015267649419254598,0.07971688604810051,1.1736188664862524,0.17441858492152817
2020-11-06,2020,11,311,1.604651461507E12,20201106T082129_20201106T082251_T36SYB,19.307345,0.3676611774858351,-0.027594870905222,-0.05685082173608172,61,-0.11308179351195241,-0.527276131000657,0.0016430396543697496,0.11025925418471533,1.2608594180074721,0.22845116712537725
2020-11-11,2020,11,316,1.605083463453E12,20201111T082201_20201111T082254_T36SYB,29.018945,0.36986253044542994,-0.018985487571092,0.024841725209012133,61,-0.039221301478823044,-0.271545712818372,0.007933843377013252,0.09287438590190072,1.2075304436063745,0.1880928402369964
2020-11-16,2020,11,321,1.605515460287E12,20201116T082219_20201116T082836_T36SYB,24.591158,0.3788269254269143,-0.019558003217659,-0.06945399216165166,61,-0.08793738929830641,-0.6431793923790289,9.570499260168606E-4,0.1520555864723548,1.3659790536382643,0.2909373894464696
2020-11-21,2020,11,326,1.605947461693E12,20201121T082241_20201121T082251_T36SYB,31.427486,0.3402385331690788,-0.026124851741543,0.08036473578403498,61,-0.046836263665915236,0.04770430281483778,0.01565310210109167,0.0719343315625039,1.1574555015694405,0.16619533904571926
2020-12-01,2020,12,336,1.606811459129E12,20201201T082311_20201201T082314_T36SYB,0.045434,0.43651217128523806,-0.046286612667788,-0.10899838495138704,61,-0.06219716714594166,-0.48881056488060715,-0.0024407010606721053,0.20752851754310003,1.5304990847180855,0.31249169180290304
2020-12-06,2020,12,341,1.607243457817E12,20201206T082329_20201206T082325_T36SYB,33.699338,0.3763046100457569,-0.057913797958638,0.0391873717104771,61,-0.1327632190242622,-0.5792529238717604,0.010186968974525484,0.15458362160109132,1.3679324446828616,0.31676505893136125
2020-12-11,2020,12,346,1.607675455961E12,20201211T082331_20201211T082333_T36SYB,0.002034,0.44925501802855816,-0.073974404988735,-0.018801568625656694,61,-0.0815004119166632,-0.4197264474113861,0.0015287419159705723,0.23181140010112947,1.6298314018441549,0.3882769099364553
2020-12-21,2020,12,356,1.608539458134E12,20201221T082341_20201221T082343_T36SYB,7.13E-4,0.41506817955004366,-0.106121263844995,-0.17497319034396625,61,-0.033905155853364205,-0.48067201946138594,-0.0068996183270618105,0.1456137610956752,1.343924089647687,0.18558979696967437
2020-12-26,2020,12,361,1.608971456802E12,20201226T082249_20201226T082246_T36SYB,0.120368,0.3841905919242699,-0.126799386341952,-0.09234612853960975,61,-0.018267921330708304,-0.8207725971531821,5.100283478482596E-5,0.18719766880578273,1.464242671723116,0.29027270203340194
2020-12-31,2020,12,366,1.609403459568E12,20201231T082341_20201231T082340_T36SYB,0.165577,0.3845300500860155,-0.142095323402178,-0.2164843618902363,61,0.03009383119356506,-0.5541015966513668,-0.009488784726855432,0.09730405577257029,1.216763624034807,0.12364599515216054
2021-01-05,2021,1,5,1.60983545832E12,20210105T082239_20210105T082248_T36SYB,3.682523,0.37540732504486674,-0.159971937879101,-0.04094974029378159,61,-0.05215455706421868,-0.5539218349200749,0.002561402447522381,0.12366563737785162,1.2830920224488536,0.21667866436990693
2021-01-10,2021,1,10,1.610267460222E12,20210110T082321_20210110T082320_T36SYB,0.001324,0.42879222048804133,-0.185613697921784,-0.3395555210128424,61,-0.05331953870743918,-0.7005919072472526,-0.011640025916338266,0.18741412373999689,1.4655946868009802,0.1907954728102179
2021-01-15,2021,1,15,1.610699459167E12,20210115T082209_20210115T082248_T36SYB,28.272384,0.37480307759409953,-0.204624543507896,-0.1633507459625725,61,-0.07352762036458313,-0.6192496144678235,-0.0064171666903887195,0.13041301387436718,1.3010209574373726,0.1839977730412321
2021-02-09,2021,2,40,1.612859458395E12,20210209T082101_20210209T082248_T36SYB,0.095338,0.3839219967102692,-0.249451601366358,-0.3084452361605375,61,0.05168899235626566,-0.7598526495500421,-0.01166124305018103,0.09809323766282264,1.219032273958091,0.1030013260301281
2021-02-14,2021,2,45,1.613291457747E12,20210214T082009_20210214T082248_T36SYB,1.420914,0.373084090071176,-0.221543435155561,-0.2643168577594637,61,0.01878218959913285,-0.7170312017543947,-0.010426374388786592,0.11024670090300183,1.2504843296974026,0.12372144453607237
2021-02-24,2021,2,55,1.614155457834E12,20210224T081829_20210224T082246_T36SYB,0.163918,0.3523340723986453,-0.226242579469605,-0.3186662114833921,61,0.0652680934873223,-0.5807532799206456,-0.014022982365622005,0.08714093807550827,1.1920469675361531,0.09596691869440926
2021-03-06,2021,3,65,1.615019458634E12,20210306T081749_20210306T082838_T36SYB,1.4876,0.3648429051254353,-0.223968094733225,-0.24183062282821347,61,0.017717489717356368,-0.7893528767339939,-0.009356091725749397,0.10111213289198835,1.2268617067638563,0.12133515525005661
2021-03-16,2021,3,75,1.615883458803E12,20210316T081649_20210316T082702_T36SYB,23.436024,0.3407124718328519,-0.228336047061216,0.14971517668079296,61,-0.07140979895114144,-0.13621072089471084,0.030798701216386865,0.05681315525205249,1.121415961154762,0.14239021450572048
2021-03-21,2021,3,80,1.616315458303E12,20210321T081631_20210321T082247_T36SYB,0.020617,0.4117362632161049,-0.218903891246791,-0.3344675231110132,61,0.04644985116748829,-0.38163940579394795,-0.0135724262318415,0.13656408862333866,1.320143629382543,0.10341649900635697
2021-03-31,2021,3,90,1.617179456812E12,20210331T081601_20210331T082248_T36SYB,24.244312,0.3504211626396443,-0.203881707318388,-0.2044778655191383,61,-0.09977933210629915,-0.2793025568657048,-0.005066407400667273,-0.0018514070570299008,0.9989995399371601,0.0010789106094563452
2021-04-15,2021,4,105,1.618475455322E12,20210415T081559_20210415T082651_T36SYB,2.75E-4,0.4026728118081736,-0.21285035446771,-0.36602148659064215,61,0.00803307023614942,-0.3712601087486095,-0.014000537371122557,0.13230137024679842,1.312946080599226,0.09982675807652008
2021-04-20,2021,4,110,1.618907454612E12,20210420T081601_20210420T082246_T36SYB,6.822028,0.4538126857384991,-0.240327201213853,-0.02284305488669709,61,0.035484072868479447,0.18467804215213648,-0.0040209473177776,0.17645424385397565,1.4324888816135537,0.2211774850049015
2021-04-25,2021,4,115,1.619339454202E12,20210425T081559_20210425T082245_T36SYB,4.55E-4,0.37944443602347705,-0.246990719152442,-0.4077907124525071,61,0.039943500448927395,-0.1985544354441,-0.019368630214773523,0.08744366356983253,1.192892526196568,0.05635765773378951
2021-04-30,2021,4,120,1.619771457E12,20210430T081601_20210430T082248_T36SYB,9.415377,0.4336270958942334,-0.274619876636144,-0.00910320130809772,61,0.0952408673132341,0.2222782008421425,-0.0018627542188181085,0.16243269012656034,1.395082392657492,0.2247674797922447
2021-05-05,2021,5,125,1.620203456617E12,20210505T081559_20210505T082751_T36SYB,13.238834,0.376795781577908,-0.30965279161648,-0.13168880139979955,61,0.03736598081592328,-0.10651214130849805,-0.009284108592126061,0.09737767311658989,1.216693668729086,0.1200127900427351
2021-05-10,2021,5,130,1.620635458715E12,20210510T081601_20210510T082250_T36SYB,0.143374,0.3816950995291248,-0.325746179739798,-0.08974653496976759,61,0.07038306623574059,0.01382777461807515,-0.008788791035437775,0.09074876119151613,1.2000835618337082,0.12169538652166914
2021-05-15,2021,5,135,1.621067458563E12,20210515T081559_20210515T082717_T36SYB,0.303304,0.37162743859430997,-0.314850736888986,-0.46748700642001606,61,-0.026216658490200904,-0.6674055199491541,-0.021118926858993182,0.08602360220476914,1.1904127714023818,0.06731729066573407
2021-05-20,2021,5,140,1.621499459824E12,20210520T081601_20210520T082251_T36SYB,0.023885,0.37350632575733983,-0.313555502126624,-0.32030105161813255,61,0.023188307530804753,-0.2433542933536837,-0.021617439234489493,0.05776841716654015,1.1239974121731695,0.051600782767998565
2021-05-25,2021,5,145,1.621931459827E12,20210525T081609_20210525T082251_T36SYB,0.007269,0.3709124837046082,-0.34888997038047,-0.43607348299361365,61,0.02015526271021308,-0.4202171749406333,-0.021249673473412035,0.08576431734483854,1.190473130848581,0.0632898924484995
2021-05-30,2021,5,150,1.622363460307E12,20210530T081601_20210530T082248_T36SYB,0.051629,0.3770997323054559,-0.388996337404899,-0.6768684848340282,61,0.06471904982022264,-0.6139717734712438,-0.025720749016276297,0.058894064835015844,1.1263011604812065,0.02239434580277036
2021-06-04,2021,6,155,1.622795460442E12,20210604T081609_20210604T082921_T36SYB,0.599354,0.358778911913797,-0.416150993892817,-0.6377853063697027,61,0.027730841373772422,-0.6217418983299685,-0.02595736871328641,0.04559370187163294,1.0969569452454737,0.02217289433147051
2021-06-09,2021,6,160,1.623227460158E12,20210609T081601_20210609T082248_T36SYB,0.021705,0.3622128582694694,-0.442856316434411,-0.3684835020707427,61,0.09184787509513294,-0.2252505310461443,-0.02242306606738841,0.05532412465551412,1.11880987074232,0.045725066418620806
2021-06-14,2021,6,165,1.623659460509E12,20210614T081609_20210614T082653_T36SYB,1.642596,0.35534823629925444,-0.477083318713962,-0.0889915979468882,61,-0.00454742438835339,-0.28476475244976107,-0.005110194884043666,0.057830042308412044,1.1233221411683376,0.08994458807197049
2021-06-19,2021,6,170,1.624091459906E12,20210619T081601_20210619T082251_T36SYB,3.427908,0.3632178423177544,-0.485036556699262,-0.2955860177158301,61,0.012224324153714682,-0.45148410599611905,-0.019567539284024375,0.05769690218389135,1.1262850455989202,0.06581605126218847
2021-06-24,2021,6,175,1.624523459944E12,20210624T081609_20210624T082037_T36SYB,0.422756,0.3652687215379252,-0.467394582857232,-0.8161137058726945,61,-0.009835443033620394,-0.8477856480797514,-0.028125369730369266,0.06649873928313729,1.1484991009936991,0.02957888872050329
2021-06-29,2021,6,180,1.624955461255E12,20210629T081611_20210629T082249_T36SYB,0.021025,0.37180654310581956,-0.433869825839942,-0.6852798389061898,61,0.061492859132400025,-0.515766923124412,-0.02652692126355495,0.07116050584289758,1.1612827340026615,0.03805488735838954
2021-07-04,2021,7,185,1.625387460947E12,20210704T081609_20210704T082900_T36SYB,7.554753,0.34988011199085034,-0.415617172810076,-0.19218719155817704,61,0.00614070514311893,-0.3778473170475079,-0.01257901784046329,0.04987757666017135,1.1069830865890178,0.06767321765532157
2021-07-09,2021,7,190,1.625819462314E12,20210709T081611_20210709T082254_T36SYB,0.464544,0.35951301995122587,-0.395269237227771,-0.6064032553532662,61,0.035230837729552524,-0.6636085607003442,-0.025413664218847748,0.06135623469549647,1.1389074878998824,0.05205160557938552
2021-07-14,2021,7,195,1.626251461487E12,20210714T081609_20210714T082615_T36SYB,1.520552,0.3533557477297401,-0.401573628478878,-0.6930847486984772,61,0.036347765796271886,-0.6199143419136294,-0.026134728219452674,0.07322040362625566,1.165276563722168,0.044342456697432836
2021-07-19,2021,7,200,1.626683462808E12,20210719T081611_20210719T082254_T36SYB,0.004675,0.3652637246566969,-0.416046610675939,-0.3806803807342147,61,0.04228493778351806,-0.2891837832651717,-0.021585733374550383,0.06999725249908105,1.1537240027239506,0.0670758772546246
2021-07-24,2021,7,205,1.627115461495E12,20210724T081609_20210724T082126_T36SYB,47.289911,0.3499776618417433,-0.391216667328652,0.0014903483301980619,61,-0.057102575179457646,-0.36080821371572513,0.007573039950895359,0.06623992023783899,1.1426086024697488,0.130332481363239
2021-07-29,2021,7,210,1.627547462806E12,20210729T081611_20210729T082254_T36SYB,0.792691,0.37070815750190333,-0.333366075888882,-0.20664264575153699,61,-0.005911337176918239,-0.3416343843542093,-0.012956894754165438,0.09026829410720442,1.2009702149386294,0.11440669591403502
2021-08-03,2021,8,215,1.627979460901E12,20210803T081609_20210803T082921_T36SYB,0.045763,0.36386788476766435,-0.308569691456002,-0.5931596469721905,61,0.007480637888572957,-0.5054707409497641,-0.025217726575218164,0.08172121652987695,1.1830143743426456,0.058800711157075025
2021-08-08,2021,8,220,1.628411462196E12,20210808T081611_20210808T082250_T36SYB,11.46891,0.35428767637268316,-0.288029305446954,-0.07425985292853311,61,-0.013441044321614592,-0.2496127210729591,-0.007311095832629089,0.0701417533674989,1.153100293465394,0.11969703459682615
2021-08-13,2021,8,225,1.628843459816E12,20210813T081609_20210813T082645_T36SYB,0.37192,0.39421582532953925,-0.244705683087439,-0.5064939541888241,61,-0.05129115800184953,-0.6540630079227102,-0.017791034941095192,0.14350396099671453,1.3437673571996462,0.11864060563794651
2021-08-18,2021,8,230,1.629275461857E12,20210818T081611_20210818T082253_T36SYB,0.282826,0.3905104603980278,-0.226562741833758,-0.24267027830512886,61,-0.04174609282433644,-0.577485730633077,-0.010947988622312364,0.12799205142290593,1.2990066617808815,0.15496046629598
2021-08-23,2021,8,235,1.62970745821E12,20210823T081559_20210823T082104_T36SYB,5.9486,0.3705939327493394,-0.226663113747163,-0.17300612136603527,61,-0.055543914118989096,-0.49862430253811685,-0.008179256032072207,0.103392463305895,1.2333456094766218,0.14518936546581943
2021-08-28,2021,8,240,1.630139461163E12,20210828T081611_20210828T082249_T36SYB,2.82E-4,0.3613905435618104,-0.206581005597486,0.01866584170921519,61,-0.011526107024442804,-0.1574347293813721,0.005759973097714078,0.08878377426907978,1.1952737415670451,0.16893155108070965
2021-09-02,2021,9,245,1.630571456011E12,20210902T081559_20210902T082616_T36SYB,0.595426,0.3725570799763879,-0.167301832614648,-0.32165537761588175,61,-0.010742671970913161,-0.5179120044211774,-0.01438928775289928,0.09957580370814427,1.2231336887295017,0.10051955929910969
2021-09-07,2021,9,250,1.631003459849E12,20210907T081601_20210907T082251_T36SYB,25.833153,0.36873284116553623,-0.146296521147983,0.03563540546752759,61,-0.07485475759618175,-0.30028925880550245,0.017578395838299125,0.09311379297674624,1.2074672315578971,0.1520696341917969
2021-09-12,2021,9,255,1.631435455745E12,20210912T081559_20210912T083000_T36SYB,27.760994,0.3620849895756887,-0.141289915361802,-0.21130303682045526,61,-0.04322631715191318,-0.5522731827598236,-0.01176564171107138,0.07910115041291378,1.1740161335846873,0.10514071307379205
2021-09-17,2021,9,260,1.631867461378E12,20210917T081611_20210917T082253_T36SYB,6.515705,0.3941162962634277,-0.12191821296586,-0.43709650581612897,61,-0.02482192931969564,-0.6486535170104064,-0.017492246870913504,0.10084053611474879,1.2282225039661165,0.09122091184958421
2021-09-22,2021,9,265,1.632299457035E12,20210922T081639_20210922T082914_T36SYB,2.184867,0.36728120406232423,-0.118665426161491,-0.0903300402092298,61,-0.01942596328320112,-0.3790051401425761,-0.003511981999412878,0.08160222690920156,1.1791212198706669,0.13305108601700366
2021-09-27,2021,9,270,1.632731463368E12,20210927T081721_20210927T082254_T36SYB,1.497258,0.3869215856396389,-0.119977509561533,-0.25366898687684225,61,0.0336290264091847,-0.35123290071209023,-0.012510569240212426,0.10355121490022176,1.2375672374816935,0.1335801524142139
2021-09-27,2021,9,270,1.632731463369E12,20210927T081721_20210927T082446_T36SYB,1.068935,0.3545531382096983,-0.119977509561533,0.3322848103454404,61,0.08858631763896135,0.462054231118536,0.08561115941513293,0.1582775316511108,1.548862804153904,0.7349645559985376
2021-10-02,2021,10,275,1.633163459204E12,20211002T081749_20211002T082619_T36SYB,13.425035,0.3309639069526525,-0.119528595945523,-0.02492909997892352,61,0.089249982750803,0.24212698195578847,-0.03320623845002854,0.1060697783527994,1.241114064554088,0.28585114866229666
2021-10-07,2021,10,280,1.633595464564E12,20211007T081831_20211007T082254_T36SYB,0.119781,0.36821856497511446,-0.120883045166041,-0.19893881578308972,61,0.05804423901790022,-0.5627128357283689,-0.008559900352568948,0.07531936236359485,1.1746022854057674,0.1366804654158303
2021-10-17,2021,10,290,1.634459464898E12,20211017T081941_20211017T082254_T36SYB,20.09587,0.378493773416002,-0.135097082247156,-0.15605243931027324,61,0.0029917626641083996,-0.308265313163145,-0.009559102646787592,0.08438223109571834,1.1875107376471796,0.1228561330384553
2021-10-22,2021,10,295,1.634891461058E12,20211022T082009_20211022T082249_T36SYB,2.92359,0.38434296193828665,-0.121462695245455,-0.18783273465346104,61,-0.04672782322274615,-0.527255150313964,-0.0077237480466375505,0.11641196818438755,1.2672419341519394,0.1602495853371122
2021-10-27,2021,10,300,1.635323464409E12,20211027T082041_20211027T082254_T36SYB,0.001875,0.38562017281222716,-0.124872273627236,-0.06201943292511162,61,-0.0413746782185992,-0.4879236458421902,-8.24665296718346E-5,0.14092968696212818,1.3337035962761856,0.23530752339221286
2021-11-06,2021,11,310,1.636187462917E12,20211106T082131_20211106T082252_T36SYB,0.907542,0.3740657911474529,-0.119427678361528,-0.22857432285976986,61,0.036871941220249484,-0.7166022481976043,-0.00984491054563677,0.09999286146203835,1.225815153508511,0.1234174077280879
2021-11-11,2021,11,315,1.63661945902E12,20211111T082059_20211111T082249_T36SYB,0.004874,0.35395110863096996,-0.115247933944376,-0.306610681133803,61,0.042347222472726556,-0.7262383165643664,-0.014454928611459538,0.06315911889714419,1.1374607763241773,0.07284683264199251
2021-11-16,2021,11,320,1.637051460256E12,20211116T082221_20211116T082248_T36SYB,2.29189,0.369801165475096,-0.110129722422406,-0.23355206329713607,61,0.030708217067795016,-0.5062742682097612,-0.013656818561910105,0.06495122023975396,1.1400139430850273,0.08333719862553345
2021-12-01,2021,12,335,1.638347454938E12,20211201T082219_20211201T082244_T36SYB,63.336425,0.32996515679442506,-0.119255619147952,0.27395626242544735,61,-0.01827956989247312,0.10321969696969698,0.06418,0.01510248112189858,1.0306681270536693,0.03379686265106797
2021-12-06,2021,12,340,1.638779458558E12,20211206T082331_20211206T082325_T36SYB,0.55181,0.3763518885585957,-0.100275465033784,-0.257634447459793,61,0.02601037014608246,-0.5426232786775013,-0.013027740637945201,0.08030090472382077,1.177792735925517,0.09469993903771153
2021-12-11,2021,12,345,1.639211453928E12,20211211T082239_20211211T082243_T36SYB,0.004741,0.3452228900614702,-0.077854593415545,-0.06052479935890601,61,0.06754066264408837,-0.2394909908849968,-0.0017333871675577254,0.056127875600099096,1.119151179053282,0.091947100855785
2021-12-26,2021,12,360,1.640507460959E12,20211226T082351_20211226T082345_T36SYB,0.001858,0.3624282304387237,-0.10054778611281,-0.29028166098480446,61,0.06683320193117197,-0.8246177849403487,-0.012847119527990539,0.059465308689965315,1.127296518412696,0.06899865142458339
2021-12-31,2021,12,365,1.640939455333E12,20211231T082239_20211231T082245_T36SYB,69.006106,0.3465715138806208,-0.149956122145127,0.07647257835768294,61,-0.013841705293987969,-0.12647082200028753,0.014214047811789273,0.0761567243192552,1.1669173589896518,0.16236903410963008
2022-01-10,2022,1,10,1.641803455449E12,20220110T082219_20220110T082245_T36SYB,5.030856,0.36599643361914935,-0.243288178141073,-0.001935935123010069,61,0.05346373683385015,-0.2319518001652356,0.003601441796470753,0.13746040357906145,1.3210394729542345,0.23325539564423894
2022-01-20,2022,1,20,1.642667454623E12,20220120T082149_20220120T082244_T36SYB,21.373501,0.357416932778547,-0.301036879590182,-0.3498070026376077,61,0.04265783106275956,-0.7270875685705418,-0.012987037420049276,0.11323919913812595,1.2577488448997782,0.11200207564027304
2022-01-25,2022,1,25,1.643099459568E12,20220125T082231_20220125T082250_T36SYB,34.913179,0.3915268886680395,-0.292944767732202,-0.3173174508322789,61,-0.013747604892248057,-0.7422496099661221,-0.010519806806152313,0.1462176296013747,1.3477519413660712,0.15255116117660023
2022-01-30,2022,1,30,1.643531453512E12,20220130T082059_20220130T082243_T36SYB,1.378974,0.3737560922820458,-0.29491825862361,-0.5056668699673759,61,-0.003967103990399613,-0.7554576543706224,-0.01932427662577578,0.07468200368295397,1.163012461532353,0.056847827499881
2022-02-09,2022,2,40,1.644395453781E12,20220209T082009_20220209T082238_T36SYB,0.001264,0.3783200310800728,-0.357226723280183,-0.7282013726618157,61,0.03066334611958964,-0.7150331335876846,-0.02526113350620777,0.051811509031961696,1.1109725835501427,0.023877685419303366
2022-02-24,2022,2,55,1.645691462023E12,20220224T081931_20220224T082252_T36SYB,26.853389,0.3564621805969844,-0.435687195723476,-0.05597654727387886,61,0.025346668499743655,-0.32840553609364387,-4.769814508405022E-4,0.07796267582546601,1.1694394021408374,0.1281755657261599
2022-03-01,2022,3,60,1.646123456071E12,20220301T081749_20220301T082834_T36SYB,17.460081,0.38799978956481057,-0.43542216804428,-0.24210989202238797,61,0.016106911067276856,-0.42059157847355694,-0.011182172153873068,0.1325264366364235,1.3093438505055635,0.14126700269311396
2022-03-16,2022,3,75,1.647419463349E12,20220316T081701_20220316T082252_T36SYB,5.779712,0.37287126858849295,-0.309082005959233,-0.50606351499877,61,0.03687336457678834,-0.7212911174631829,-0.02208845351516284,0.052086729640128955,1.1109074730229314,0.038177205512310554
2022-03-26,2022,3,85,1.648283462171E12,20220326T081611_20220326T082250_T36SYB,1.955385,0.36573848109503654,-0.287770626858279,-0.6224162860290816,61,0.027274198879802748,-0.7833274258283748,-0.02859192529630321,0.034320960381843485,1.0742339132845005,0.021983094950826478
2022-03-31,2022,3,90,1.648715455967E12,20220331T081559_20220331T082609_T36SYB,19.631225,0.37478410614836993,-0.267995431296937,-0.23409561064747075,61,0.07099659320834388,-0.1407826671638923,-0.01318101610430585,0.07751708717951575,1.1694210402633538,0.06519841640315507
2022-04-10,2022,4,100,1.649579456219E12,20220410T081559_20220410T081921_T36SYB,0.047233,0.387076493047539,-0.227488302565923,0.023043288384802005,61,0.08698363746849475,-0.0683011069905412,0.004427206106055348,0.13913113499579183,1.328290155914817,0.21817532865750558
2022-04-15,2022,4,105,1.650011462688E12,20220415T081611_20220415T082254_T36SYB,0.211525,0.41262813495536443,-0.19077225673459,-0.2211918231001185,61,-0.004161682857040229,-0.5182660749477246,-0.0089379356405991,0.15749721403721859,1.4483266600439277,0.28957222244339254
2022-04-20,2022,4,110,1.650443454716E12,20220420T081559_20220420T082452_T36SYB,27.61454,0.3775442317305997,-0.164496075926194,-0.2583183937824662,61,-0.06352024508493737,-0.40777786528316967,-0.019405836595115036,0.12968483764584202,1.3483751533169082,0.21252112599692843
2022-04-25,2022,4,115,1.650875464479E12,20220425T081611_20220425T082256_T36SYB,0.125657,0.38436834736790576,-0.165897220914911,0.003126635925420964,61,0.03568152782949025,-0.0021263951109095824,3.1700761181239183E-4,0.12198913208015792,1.2924022058289273,0.21609991087917882
2022-04-30,2022,4,120,1.651307452896E12,20220430T081559_20220430T082826_T36SYB,1.661597,0.348505068138322,-0.16485968450508,0.18262807717486976,61,0.034625850733602054,0.08981619141022772,0.0530749580268,0.0743939563024558,1.1608470718787358,0.17544981168380006
2022-05-05,2022,5,125,1.651739464184E12,20220505T081611_20220505T082252_T36SYB,57.327521,0.3457155081743017,-0.202802324042072,-0.11781412212115257,61,-0.004573309232479231,-0.25530569175329276,-0.01196678406856858,0.029582839187578175,1.061264911923538,0.04347706922768782
2022-05-10,2022,5,130,1.652171456831E12,20220510T081559_20220510T082248_T36SYB,0.141376,0.3386833879000157,-0.255384273317663,-0.17273682676838314,61,0.00959296801296601,-0.18514745985760375,-0.027741722376415524,0.00530474567538139,1.010930479933524,0.00741337603765179
2022-05-15,2022,5,135,1.652603463952E12,20220515T081611_20220515T082255_T36SYB,20.606218,0.348118299154057,-0.274030683829637,0.10626283241019951,61,0.09321413469496047,0.14405455848908544,0.022334476758322744,0.07856517644326161,1.1706538646785067,0.16472337503187798
2022-05-20,2022,5,140,1.653035459357E12,20220520T081559_20220520T082250_T36SYB,4.863229,0.3765853551057032,-0.283251982680516,-0.41878299384413104,61,0.017039866086754375,-0.5354997256672736,-0.015186518707800693,0.1358487521483083,1.3575626387464748,0.12509847963107223
2022-05-25,2022,5,145,1.653467466704E12,20220525T081611_20220525T082258_T36SYB,0.017256,0.36945258542163456,-0.296552505771911,-0.7284853767411328,61,0.042987149302206186,-0.46194435840316966,-0.026370417055856528,0.07480651325351644,1.1717267950136954,0.028492260436022404
2022-05-30,2022,5,150,1.65389945943E12,20220530T081609_20220530T082247_T36SYB,0.043902,0.355601454001376,-0.342927752383922,-0.2717265349667592,61,0.09097763795450213,0.135839091368105,-0.023394526418949183,0.058618815390715305,1.1273102821167327,0.04783759645110875
2022-06-04,2022,6,155,1.654331467366E12,20220604T081611_20220604T082259_T36SYB,0.312819,0.3930610524877206,-0.412105210844653,-0.8947956986760165,61,0.012581400867605492,-0.5957795711972554,-0.024482992944173124,0.0946028254243969,1.2201620378206672,0.009187430642481028
2022-06-09,2022,6,160,1.654763461445E12,20220609T081609_20220609T082249_T36SYB,0.235941,0.3716968072957319,-0.453441734081975,-0.5627998050278211,61,0.017295569412638122,-0.33512160330622026,-0.02114906575158863,0.08475245118838626,1.1941227176442295,0.0371767762865369
2022-06-14,2022,6,165,1.655195469954E12,20220614T081611_20220614T082301_T36SYB,30.940968,0.3588266713492241,-0.488298052959618,-0.1283617374068665,61,-0.04047729562215304,-0.48782197673863326,-0.0060753589220108,0.07700961011629272,1.1690528392820536,0.11731843548430639
2022-06-19,2022,6,170,1.655627463806E12,20220619T081609_20220619T082255_T36SYB,0.269326,0.3646700417698904,-0.510698568668133,-0.4953293373184049,61,0.005801984280245365,-0.4882573961192266,-0.017081688565082933,0.09786326677149622,1.229054167038052,0.07350923322592597
2022-06-24,2022,6,175,1.656059471897E12,20220624T081621_20220624T082303_T36SYB,1.305344,0.3588407300556761,-0.507881363248922,-0.1964583811449621,61,0.018831936191478386,-0.16272911340139373,-0.020220949437935704,0.0941550676882264,1.2282526347212264,0.14209989472911902
2022-06-29,2022,6,180,1.656491464611E12,20220629T081609_20220629T082256_T36SYB,0.300112,0.3656224050720097,-0.510416741482397,-0.6871124063055813,61,-0.03446023506371518,-0.6084731679346769,-0.020816596597665143,0.09853077836719625,1.2334607817409808,0.07191966599152887
2022-07-04,2022,7,185,1.656923472553E12,20220704T081621_20220704T082304_T36SYB,0.872957,0.3936512161779752,-0.512196599787167,-0.8444480554036863,61,-0.021257276763919454,-0.4673449359213143,-0.0210526281583684,0.14183019185824888,1.3676286214085112,0.0718631999309418
2022-07-09,2022,7,190,1.657355464267E12,20220709T081609_20220709T082255_T36SYB,0.799533,0.3705861356353123,-0.479861913020883,-0.510515942189828,61,-0.041906281067828725,-0.5379811831286998,-0.01638092272839143,0.11432790096409129,1.2834503273357138,0.11812671148876441
2022-07-14,2022,7,195,1.657787472068E12,20220714T081621_20220714T082748_T36SYB,0.047913,0.38941750383403767,-0.477241311302505,-0.4702961275471199,61,-0.016299124970321186,-0.5037977727140452,-0.01332266291116983,0.15285290722959466,1.4147717353233005,0.2072026701184749
2022-07-19,2022,7,200,1.658219464351E12,20220719T081609_20220719T082252_T36SYB,0.00499,0.3694193333502461,-0.483047874050581,-0.31487223119426405,61,-0.044237605377687776,-0.4741447053327286,-0.008352026559798838,0.16048951650356452,1.4079451775906087,0.22250518240722997
2022-07-24,2022,7,205,1.658651470046E12,20220724T081611_20220724T082301_T36SYB,0.162906,0.40447727786196297,-0.469612452407019,-0.6372419140180933,61,-0.022161140997267063,-0.4685454003395937,-0.014692997607038332,0.16499042934899566,1.4249127405054995,0.12391200015335514
2022-07-29,2022,7,210,1.659083464425E12,20220729T081609_20220729T082252_T36SYB,0.001566,0.3777559723144599,-0.452089281029857,-0.5363611481208986,61,-0.05399447701617345,-0.4745417393398685,-0.013783249082994558,0.15208379015496487,1.371035907706779,0.10258879011981399
2022-08-03,2022,8,215,1.65951547013E12,20220803T081611_20220803T082054_T36SYB,0.08418,0.3831101997592506,-0.406947985686948,-0.5468733542005003,61,-0.041897050882923906,-0.5691772943014027,-0.018190896515527556,0.11187547367422171,1.260420305803878,0.0794940756004606
2022-08-08,2022,8,220,1.659947463535E12,20220808T081609_20220808T082255_T36SYB,4.625794,0.35950381094663697,-0.365462720659088,-0.24794136831309949,61,-0.03440964641659812,-0.4425265068631069,-0.011614208580561568,0.08389518353724924,1.1853402577093612,0.1004981545738505
2022-08-13,2022,8,225,1.660379471755E12,20220813T081621_20220813T082303_T36SYB,4.924897,0.3794767528538769,-0.352544729249657,-0.42979448281665555,61,-0.008527311901644628,-0.6574616999996133,-0.016922818386959977,0.1069175048249427,1.2499700857382026,0.0882834095680489
2022-08-18,2022,8,230,1.660811461558E12,20220818T081609_20220818T082253_T36SYB,0.047389,0.3565279534268135,-0.354136622385137,-0.29011841628556684,61,0.022007629862317586,-0.38758768804370236,-0.014922081076032134,0.07414117773153485,1.1639189250378563,0.07603599342333296
2022-08-23,2022,8,235,1.661243472141E12,20220823T081621_20220823T082300_T36SYB,27.737731,0.3620434143090962,-0.347899465781552,-0.15970240713890685,61,-0.02786967727265697,-0.4223020493993853,-0.008982398862527765,0.0722982390242916,1.1583223366639417,0.10277646820140791
2022-08-28,2022,8,240,1.661675459877E12,20220828T081609_20220828T082251_T36SYB,0.0121,0.3573463089574839,-0.320684388762525,-0.19176056258712124,61,0.012775784205973712,-0.31923670365362244,-0.010403500069683522,0.08769478034436708,1.1958271223570671,0.10847643375741825
2022-09-02,2022,9,245,1.662107471585E12,20220902T081621_20220902T082303_T36SYB,8.131997,0.36865563088185127,-0.291932619423303,-0.2043643962108129,61,0.01892841544169404,-0.12715583139663933,-0.015942941860223755,0.06574624222060084,1.141645948208473,0.08105497318755028
2022-09-07,2022,9,250,1.662539461278E12,20220907T081609_20220907T082103_T36SYB,26.985624,0.3505687154660028,-0.267938064340789,-0.20501536382322252,61,-0.006116937946597734,-0.4927908886234,-0.011761880380086522,0.063509172631631,1.1361538438004117,0.08606348585295964
2022-09-12,2022,9,255,1.662971469832E12,20220912T081611_20220912T082301_T36SYB,0.80016,0.3786267958105289,-0.248227820653042,-0.42470395934731325,61,0.010669463197067896,-0.6742180077420203,-0.02002114577495485,0.07920280137491674,1.1739602767722181,0.06810601902108294
2022-09-17,2022,9,260,1.663403461252E12,20220917T081609_20220917T082910_T36SYB,7.4E-4,0.35663480776795375,-0.218854133056229,-0.42944346919987253,61,0.04279637171858225,-0.5564696109859147,-0.020681563401623193,0.062285445942557346,1.1336362072701651,0.050890859047954845
2022-09-27,2022,9,270,1.664267459716E12,20220927T081709_20220927T082640_T36SYB,0.928079,0.38984458202077793,-0.18936086470345,-0.2237212177338813,61,-0.012871845373714184,-0.4279406639084972,-0.01038475934722852,0.1552411414092575,1.3979472599679428,0.21037078936967868
2022-10-02,2022,10,275,1.66469946668E12,20221002T081751_20221002T082256_T36SYB,0.42175,0.3834570568122654,-0.176235999986157,-0.1671765958678096,61,-0.00946660741620042,-0.47306281482496515,-0.007279107280000234,0.11354443778576909,1.2600633693973688,0.15411460458928902
2022-10-12,2022,10,285,1.665563464714E12,20221012T081901_20221012T082254_T36SYB,26.026937,0.36743606724596006,-0.148865741617402,-0.05847790243804363,61,-0.012864820020478304,-0.4854983293196151,6.394511310969345E-4,0.10767698381150621,1.247282732251968,0.19537036744108277
2022-10-17,2022,10,290,1.665995458808E12,20221017T081839_20221017T083007_T36SYB,0.592407,0.34201832954300865,-0.130457069200528,0.013043489086841078,61,0.0386974764924253,-0.20144178849503763,0.006551456615338086,0.07006912054007851,1.1519992789813127,0.13557850387644368
2022-10-27,2022,10,300,1.666859458561E12,20221027T082009_20221027T082230_T36SYB,0.158832,0.3481142186194095,-0.112951408629941,-0.056726316563042986,61,0.013134453651258206,-0.2890582760416127,-0.0014498843920780216,0.06807193366557375,1.147173276044578,0.11912210548064657
2022-11-01,2022,11,305,1.667291463466E12,20221101T082111_20221101T082253_T36SYB,12.763727,0.36072266407290016,-0.117196402480397,-0.023313699767375646,61,-0.024370167903287315,-0.37060712077968067,0.002680469437105437,0.09380693417316292,1.2086446523210794,0.17470000591109824
2022-11-06,2022,11,310,1.667723457812E12,20221106T082039_20221106T082033_T36SYB,0.938043,0.36288966052942084,-0.126819305406328,-0.03980136942312151,61,-0.004664727483791402,-0.31099026398937807,3.82868566506247E-4,0.10759491578861984,1.2430459523611332,0.19016115047381535
2022-11-11,2022,11,315,1.668155462935E12,20221111T082201_20221111T082252_T36SYB,0.606803,0.3541806973089797,-0.137809658637369,-0.1907859730995874,61,0.07283520770873103,-0.6851550860638016,-0.00881108588419489,0.07406459297896573,1.161462056161569,0.10807652406655607
2022-11-26,2022,11,330,1.669451458688E12,20221126T082159_20221126T082249_T36SYB,62.53224,0.3128266175926346,-0.125221764558959,-0.24692590661387492,61,-0.12071358842118106,-0.7452603047357186,-0.0029408150377032306,0.05599340508813919,1.12216879987265,0.06990705426488274
2022-12-06,2022,12,340,1.670315456407E12,20221206T082229_20221206T082246_T36SYB,31.750247,0.3401736586671411,-0.089275291488789,-0.26681386444432187,61,-0.0024753386542763303,-0.7184355441350535,-0.015454914978694643,0.04718409517204251,1.0994000460431301,0.060745857633423266
2022-12-11,2022,12,345,1.670747459797E12,20221211T082341_20221211T082336_T36SYB,7.744613,0.3594384874783464,-0.090008405275446,-0.19740712351324977,61,0.022247414565780665,-0.6011115764825402,-0.009327305153022037,0.06339453861773338,1.136594865004004,0.08685041947868143
2022-12-16,2022,12,350,1.671179457809E12,20221216T082249_20221216T082246_T36SYB,0.453957,0.3486917129128852,-0.090426891974394,-0.17595283318766364,61,0.013264738958407088,-0.6041861638005729,-0.006771788331124215,0.08270188103848576,1.1815494392952584,0.11719498543033348
2022-12-21,2022,12,355,1.671611457558E12,20221221T082341_20221221T082342_T36SYB,38.903338,0.35551710155006566,-0.089699597419199,0.20382956569168542,61,-0.048045629959243503,-0.03639972767713448,0.04078384961442147,0.0960871466778577,1.213794155251882,0.22114107855219836
2022-12-31,2022,12,365,1.672475458399E12,20221231T082341_20221231T082339_T36SYB,29.649478,0.33981155246540273,-0.095708691709103,0.2564478740367959,61,0.03751503292171689,0.2550798558849776,0.027035638201702954,0.09692186432371315,1.2240489047771062,0.2970662029167289
2023-01-10,2023,1,10,1.673339457759E12,20230110T082321_20230110T082758_T36SYB,23.281568,0.3753046477682369,-0.146415918660356,-0.20053596737281898,61,-0.008833082035789853,-0.7029036369109712,-0.00851905986555529,0.10640229983101336,1.2409348360241765,0.14508805078092513
2023-01-20,2023,1,20,1.674203454343E12,20230120T082241_20230120T082244_T36SYB,1.072054,0.3643030380011831,-0.189666681754557,-0.2100055271145735,61,0.0828612212097171,-0.7747583134105717,-0.008262457515293307,0.08540008467735112,1.1873260740474656,0.10959854461523001
2023-01-25,2023,1,25,1.674635457427E12,20230125T082129_20230125T082247_T36SYB,1.527055,0.3624197800993128,-0.22901565425261,-0.28879005192642615,61,-0.0011702207609247688,-0.6424968404079239,-0.011987368846722945,0.1076076413200048,1.2439318271368776,0.12621073422080414
2023-01-30,2023,1,30,1.675067457642E12,20230130T082201_20230130T082248_T36SYB,43.047345,0.35395155489342817,-0.26049052379828,-0.31186684275924487,61,-0.001701750006198063,-0.584857898056482,-0.018259882954414684,0.04606298289641238,1.097368039323857,0.05608067598396079
2023-02-09,2023,2,40,1.675931458257E12,20230209T082111_20230209T082246_T36SYB,20.581126,0.37011919107051,-0.296596228508047,-0.7616787777173056,61,0.10936748859531752,-0.8754237998432477,-0.04528658955518192,0.014680082094219933,1.0306332998196346,0.009550395413823218
2023-02-14,2023,2,45,1.67636345785E12,20230214T082009_20230214T082006_T36SYB,20.326047,0.3403784044535499,-0.300822967004852,-0.18604014970341387,61,0.096121995184348,-0.7422821849588727,-0.00893634832418552,0.08063045048989441,1.1762457652378493,0.11450446593393324
2023-02-19,2023,2,50,1.676795456521E12,20230219T082001_20230219T082246_T36SYB,0.648734,0.38622627625895384,-0.305646623770121,-0.41635488329638115,61,0.05879241854406347,-0.7193615547163112,-0.016585560062744822,0.10135043804737759,1.2278341623075903,0.0853314335081301
2023-02-24,2023,2,55,1.677227459805E12,20230224T081829_20230224T083008_T36SYB,23.556219,0.36416414090579347,-0.304630453796467,-0.1652704729949736,61,-0.03633780945267578,-0.683186119016201,-0.006137395467309538,0.12887426673527327,1.2994463353576216,0.18809736611593272
2023-03-01,2023,3,60,1.677659456788E12,20230301T081851_20230301T082245_T36SYB,0.002996,0.3745922301050631,-0.298031022711306,-0.1287047295432572,61,0.07651659113013143,-0.2892357270019077,-0.005866522607112465,0.08185285925962517,1.1787454313588783,0.10762722496735107
2023-03-11,2023,3,70,1.678523454981E12,20230311T081741_20230311T082246_T36SYB,0.003577,0.40368951444454904,-0.32406382202956,-0.20276822733211058,61,0.014396025396294674,-0.6567827692585254,-0.005714771297210586,0.17067691372123428,1.4210506502862699,0.201750344993856
2023-03-16,2023,3,75,1.678955463576E12,20230316T081659_20230316T082430_T36SYB,32.775617,0.34619282774132387,-0.340028462648066,-0.2881479967488999,61,0.029653584120416385,-0.6301585685824272,-0.015510148210912737,0.06527068328651191,1.1403674665291883,0.07354478044861387
2023-03-26,2023,3,85,1.679819462282E12,20230326T081609_20230326T082926_T36SYB,32.942307,0.33164376598772405,-0.398284238603291,-0.21436558001367925,61,0.0873421244668694,-0.49217209558971503,-0.012277089312030932,0.07058312500699317,1.1528957445999872,0.087892833468977
2023-03-31,2023,3,90,1.680251457857E12,20230331T081601_20230331T082249_T36SYB,13.808182,0.3313168832782438,-0.420710937163749,-0.21960246169184522,61,0.10155167330041016,-0.46213432707581553,-0.006963398042634447,0.037710566981514475,1.081810796468468,0.056152401084107906
2023-04-05,2023,4,95,1.680683462546E12,20230405T081609_20230405T082113_T36SYB,30.621007,0.33972541292988345,-0.418601434633793,-0.8048992781348028,61,0.14707518868033848,-0.4182887735232384,-0.02816639767346007,0.05515868196828714,1.1199517424495842,0.01623060399833102
2023-04-25,2023,4,115,1.682411461362E12,20230425T081609_20230425T082911_T36SYB,4.73657,0.3646064768995173,-0.41817815880044,-0.6081309379416113,61,0.0665726939276444,-0.8557171217865769,-0.018550973612186016,0.09476782845861245,1.2365893276056017,0.0487382361414244
2023-05-05,2023,5,125,1.683275462084E12,20230505T081609_20230505T083042_T36SYB,18.4881,0.3456448387423927,-0.395241644643837,0.0048058616909424715,61,0.01003845825986666,-0.08907781735529861,0.00467247191902479,0.07015295892570209,1.1515553557985316,0.12679262750458076
2023-05-10,2023,5,130,1.683707458884E12,20230510T081601_20230510T082247_T36SYB,8.748853,0.4238654966801743,-0.348351278740829,-0.5350899225967953,61,-0.004933037453349727,-0.3937807598124047,-0.017496084297782887,0.15922664223976532,1.4188000470257232,0.09315331921878094
2023-05-15,2023,5,135,1.684139463402E12,20230515T081609_20230515T082251_T36SYB,13.75664,0.3709166989571625,-0.324905543160693,-0.24187897594867214,61,-0.006149331172554306,-0.3356998271855864,-0.011893085363792445,0.10539252813041593,1.2460268528119551,0.11790710025963148
2023-05-20,2023,5,140,1.684571461902E12,20230520T081611_20230520T082250_T36SYB,52.990431,0.34199022836476106,-0.309016310891176,-0.014055121330681531,61,-0.10695712152909291,-0.23235895799171502,0.0020141533471985332,0.02261474399224245,1.0467429899190452,0.039201942175936
2023-05-25,2023,5,145,1.68500346429E12,20230525T081609_20230525T082252_T36SYB,4.220557,0.3799209711633095,-0.290091497257437,-0.22182581860617914,61,-0.054452166094079574,-0.2327410506634655,-0.012101444702421723,0.12578683671403681,1.294136352415856,0.13668976582965697
2023-05-30,2023,5,150,1.685435463309E12,20230530T081611_20230530T082252_T36SYB,2.557543,0.3667013717996411,-0.259895347045903,-0.2589893985023425,61,0.013149995992209963,-0.20772161459583113,-0.016985195469681736,0.0806789144873273,1.1784591161115912,0.08737100938150025
2023-06-04,2023,6,155,1.685867463733E12,20230604T081609_20230604T082252_T36SYB,7.135481,0.3422593955999665,-0.258370403535281,-0.07106053716435241,61,-0.001589519913854576,-0.13976635866007878,-0.011382219197661012,0.03936387780239195,1.0829817513254498,0.06727516469035266
2023-06-14,2023,6,165,1.686731464497E12,20230614T081609_20230614T082253_T36SYB,0.158155,0.35850230410894746,-0.238248549165938,-0.5447253469458285,61,-0.014110629503474295,-0.6144883424749332,-0.02125114624939583,0.0816440158355217,1.1837862584222485,0.05948443092640644
2023-06-24,2023,6,175,1.687595463667E12,20230624T081609_20230624T082252_T36SYB,0.009884,0.3868877169505122,-0.297780797714143,-0.3722729915622761,61,-0.057687392090926506,-0.6476834401326541,-0.008668016940508078,0.17798050076300936,1.4707803752291857,0.216492521916144
2023-06-29,2023,6,180,1.688027463667E12,20230629T081611_20230629T082154_T36SYB,4.05419,0.39885266671306646,-0.315951800828218,0.05293108531753877,61,-0.13060220300407482,-0.5172675378311999,0.013197666365693172,0.20464444829102976,1.5641609935674095,0.4455995700714569
2023-07-04,2023,7,185,1.688459464872E12,20230704T081609_20230704T082253_T36SYB,0.204382,0.372823562243975,-0.347088806885433,-0.3027388358270947,61,-0.04330826627517226,-0.39898124592642964,-0.013731265326667436,0.11308537568180159,1.2617854691600783,0.11384773672893202
2023-07-09,2023,7,190,1.688891464747E12,20230709T081611_20230709T082253_T36SYB,9.273191,0.35169235732631265,-0.363012578564508,-0.033579505290602406,61,-0.017332910428494056,-0.1891306444833707,-8.95257643688898E-4,0.06926586461954483,1.150580793023783,0.12638747440445863
2023-07-14,2023,7,195,1.689323464269E12,20230714T081609_20230714T082954_T36SYB,0.00362,0.3730907742976684,-0.339642973236326,-0.3813272217238111,61,-0.02811009217428836,-0.4743916829257322,-0.012320771574462023,0.13648615709566886,1.3299967289767414,0.12763537745995995
2023-07-19,2023,7,200,1.689755463636E12,20230719T081611_20230719T082252_T36SYB,0.004363,0.391221450990396,-0.305547246677057,-0.45341552457645595,61,-0.00853003444100623,-0.5253745024904913,-0.014552816504022374,0.12777386181813877,1.3064295216904187,0.10796328503878488
2023-07-24,2023,7,205,1.69018746548E12,20230724T081609_20230724T082253_T36SYB,0.126894,0.3611056231936417,-0.291129640922454,-0.6137664222740928,61,0.009062244762784262,-0.5019543585556374,-0.02019143112154882,0.07437083352501712,1.1709399653548898,0.04234556839214269
2023-07-29,2023,7,210,1.690619464727E12,20230729T081611_20230729T082253_T36SYB,0.051961,0.37697079081058454,-0.299346527824628,-0.3547848660779472,61,0.04648729714384484,-0.2417537845915903,-0.018677254343358877,0.08116042840615718,1.1828041952770927,0.06722126199711881
2023-08-03,2023,8,215,1.691051464079E12,20230803T081609_20230803T082458_T36SYB,1.318363,0.3555112363124562,-0.309376480344455,-0.7029589690566725,61,0.020608466075192466,-0.6567031000221726,-0.022754393345668807,0.05963551707650313,1.135038263773514,0.02687624721813027
2023-08-08,2023,8,220,1.691483463898E12,20230808T081611_20230808T082759_T36SYB,9.807164,0.3623073608677247,-0.306325568078793,-0.1314665433044739,61,-0.007531715337346395,-0.4102194328560409,-0.0067585307600840925,0.07804066153150677,1.172263208311572,0.11331678853944156
2023-08-18,2023,8,230,1.692347465479E12,20230818T081611_20230818T082902_T36SYB,2.470665,0.3607893975172341,-0.262279348732197,-0.08496712898143782,61,-0.023554722076302978,-0.33958237386086587,-0.0034112056138228377,0.07948876329243096,1.1745653317819034,0.12926584876141883
2023-08-23,2023,8,235,1.69277946379E12,20230823T081609_20230823T082524_T36SYB,9.62E-4,0.35492759540078705,-0.232303652426319,-0.3568784272976686,61,-0.009430060201998143,-0.4686222796002236,-0.01880205212771952,0.05653329630816731,1.1218793115287347,0.05694304217292508
2023-09-02,2023,9,245,1.693643464248E12,20230902T081609_20230902T082245_T36SYB,4.237746,0.37768888057808775,-0.189839188807455,-0.1754082730283331,61,-0.03503389924538038,-0.545919415298427,-0.008074236142616955,0.11885898913605197,1.2804132455193522,0.16278559018231661
2023-09-07,2023,9,250,1.694075464784E12,20230907T081611_20230907T082047_T36SYB,0.654603,0.4459932762377263,-0.168317752218766,-0.14615110793344652,61,-0.12121431780380289,-0.7467744692577135,-0.0022855927176275597,0.2411774257668852,1.6759957735602231,0.36311652067448424
2023-09-12,2023,9,255,1.694507462908E12,20230912T081609_20230912T082758_T36SYB,0.064741,0.3697152111259962,-0.171710931524536,0.12210458116522555,61,-0.03730908554819312,-0.125404714637258,0.02629804405337014,0.15440271196604172,1.3678223558002631,0.33441444390827446
2023-09-17,2023,9,260,1.694939462849E12,20230917T081611_20230917T082942_T36SYB,0.574477,0.4275340777282526,-0.175202437171039,-0.1818689944869429,61,-0.0694648653258262,-0.7308288994915141,-0.004913291159978528,0.2180517691065947,1.6164343295983181,0.329341500662196
2023-09-22,2023,9,265,1.695371463064E12,20230922T081639_20230922T082716_T36SYB,4.124973,0.38700274331784384,-0.16232084885827,-0.1318413182150094,61,-0.07077468545440796,-0.5924313884168886,-0.004413497111840568,0.16000540674462663,1.3910891073052059,0.22854955673790014
2023-09-27,2023,9,270,1.69580346177E12,20230927T081711_20230927T082250_T36SYB,0.908623,0.41736509538488725,-0.14006066823777,-0.28897971141937406,61,-0.04244252510174669,-0.6020038800014959,-0.011593525000074136,0.1639842884215449,1.4062570287754992,0.17124064114492188
2023-10-12,2023,10,285,1.697099461457E12,20231012T081809_20231012T082817_T36SYB,9.008805,0.3649220961674056,-0.15932343171459,-0.1442686382088685,61,-0.033237860347265204,-0.6470064298211867,-0.005419334455682763,0.11543843574593482,1.2633519082564955,0.1708939680316761
2023-10-17,2023,10,290,1.697531458696E12,20231017T081931_20231017T082244_T36SYB,11.270802,0.3808056865999645,-0.17951879264945,-0.13967644480356411,61,-0.03187305102690697,-0.6985570610849442,-0.004303440512514863,0.1494046303839677,1.3606608690775994,0.22306658522037834
2023-10-22,2023,10,295,1.697963461087E12,20231022T081959_20231022T082119_T36SYB,0.692692,0.35428273998603294,-0.185866760303952,0.03215717838213998,61,0.01415839733060297,-0.04239174442781309,0.0064603568389183935,0.09494136125839377,1.2108124194874301,0.18042277427712014
2023-11-01,2023,11,305,1.698827461959E12,20231101T082009_20231101T082250_T36SYB,13.011257,0.40593269660297693,-0.180858287951474,-0.23840072580399066,61,-0.06905180441987951,-0.5231086307896492,-0.00960811486067744,0.21670017332526847,1.578372281988814,0.28140162311935113
2023-11-16,2023,11,320,1.700123457814E12,20231116T082221_20231116T082244_T36SYB,0.696398,0.3836212342381871,-0.160011288957503,-0.2470171027620392,61,-0.009255252171095464,-0.6952460332322823,-0.01012108206642766,0.11813835742367598,1.2704370569763759,0.14707406682562077
2023-11-21,2023,11,325,1.7005554558E12,20231121T082139_20231121T082243_T36SYB,14.653741,0.3591368829627914,-0.173156977582339,-0.2341604804304644,61,0.029081567624278493,-0.7880923208079663,-0.008455249014793659,0.12854675072846272,1.2977811342499503,0.16052827248673768
2023-12-01,2023,12,335,1.701419456528E12,20231201T082219_20231201T082245_T36SYB,0.001616,0.3978797667195615,-0.203207821158273,-0.1750307109700819,61,-0.05112738852894203,-0.5352014083693682,-0.005055913432313585,0.1955038990494259,1.490423242944364,0.24443301346729207
2023-12-06,2023,12,340,1.701851453123E12,20231206T082321_20231206T082321_T36SYB,45.132139,0.3937078167957872,-0.191626454262984,-0.06926691322509491,61,-0.10528781539192089,-0.5586746588441166,-2.5138894819401014E-4,0.20803185776610691,1.5274257513398748,0.33581299761993944
2023-12-11,2023,12,345,1.702283456327E12,20231211T082239_20231211T082245_T36SYB,25.822684,0.3780652450712935,-0.183766267967875,-0.04631245455551641,61,-0.03185401942541477,-0.400291262972892,5.985224128881888E-4,0.1594953145506461,1.3830667357288424,0.2614735018038356
2023-12-26,2023,12,360,1.703579456424E12,20231226T082341_20231226T082343_T36SYB,0.001082,0.38227559882015455,-0.18679134430675,-0.3932023461744706,61,0.05650232672567124,-0.7218005132777744,-0.01458054281978064,0.08404164750329134,1.1863357945875057,0.0769246597661311
2023-12-31,2023,12,365,1.704011460501E12,20231231T082249_20231231T082248_T36SYB,16.846089,0.36614492926281644,-0.194175210838887,-0.06929458255762994,61,-0.02896943920391811,-0.6278706109257657,6.61141979427052E-4,0.1243698546078548,1.2857890026798264,0.20938365898123484
2024-01-15,2024,1,15,1.705307452353E12,20240115T082301_20240115T082300_T36SYB,54.952991,0.36754292259961713,-0.238800152038559,-0.2141061694822773,61,-0.04509004194464818,-0.7533185034117206,-0.010054448580976696,0.13148109529708601,1.3053202962032207,0.17035996179203414
2024-01-20,2024,1,20,1.705739458783E12,20240120T082159_20240120T082247_T36SYB,8.311412,0.3781375792610168,-0.247545849331265,-0.2937947006731838,61,0.02774840348248699,-0.6736709496567899,-0.010707022119327838,0.11337571276011126,1.2676247679172672,0.12107421247035631
2024-02-09,2024,2,40,1.707467459622E12,20240209T082019_20240209T082248_T36SYB,16.741355,0.36942550670378105,-0.309947295619719,-0.266439982740855,61,-0.01930243079335944,-0.6910184123464566,-0.011150037918212315,0.1382710098131374,1.321619791683543,0.16501590757131634
2024-02-29,2024,2,60,1.709195457539E12,20240229T081759_20240229T082459_T36SYB,11.876278,0.3439880074860759,-0.326802520856288,-0.3875698032604617,61,0.10979600662037058,-0.8369282287195359,-0.015683639748071833,0.03946755991006071,1.082687305592011,0.03772698883161183
2024-03-05,2024,3,65,1.709627460013E12,20240305T081821_20240305T082250_T36SYB,1.203523,0.36031834741467245,-0.332164164110962,-0.3944586645999862,61,0.12263756025852351,-0.6574765781920912,-0.01650640553138872,0.061606652187053704,1.131991372489496,0.05069029873469664
2024-03-10,2024,3,70,1.710059455122E12,20240310T081739_20240310T082859_T36SYB,18.593618,0.3444675957119831,-0.342659519902618,-0.5068659956272457,61,0.09930940466895884,-0.7441447833030491,-0.02058937585807098,0.05655175741901173,1.120923317025474,0.037423860467788915
2024-03-30,2024,3,90,1.711787459077E12,20240330T081609_20240330T083029_T36SYB,0.00645,0.371772169481865,-0.287969234833244,-0.1185683659653166,61,0.1580596080491854,0.15437350600812422,-0.009499739302097323,0.10840755724555724,1.2440566464484997,0.12062671703586537
2024-04-04,2024,4,95,1.712219456608E12,20240404T081601_20240404T082245_T36SYB,0.002283,0.40486509993470116,-0.27028757690647,-0.4922776187244668,61,0.04030744633498054,-0.4422335494280428,-0.01957084704764277,0.11548348415385302,1.2630597129532533,0.06893459998101041
2024-04-14,2024,4,105,1.713083461614E12,20240414T081611_20240414T082706_T36SYB,41.472095,0.36155413059199365,-0.206028002718068,-0.17997399327264527,61,-0.014792949579393781,-0.3674261530243734,-0.013024636555973662,0.0680454680032958,1.1466798049368887,0.09338862846985695
2024-04-19,2024,4,110,1.71351546041E12,20240419T081609_20240419T081839_T36SYB,23.422201,0.352653358133384,-0.178805831281667,-0.2002762349442607,61,-0.02092218923575665,-0.246726692400992,-0.01799866832737644,0.05658129596851316,1.1205143919619767,0.07086681470583608
2024-04-24,2024,4,115,1.713947461998E12,20240424T081611_20240424T082634_T36SYB,0.021865,0.3749610061477716,-0.158910240352471,-0.03959684986070693,61,0.0655506586877116,-0.004060793590671291,-0.0032623155240052337,0.08595864079441486,1.1891212578758528,0.12505290592405116
2024-05-04,2024,5,125,1.714811462272E12,20240504T081611_20240504T083015_T36SYB,11.68237,0.3703399811416466,-0.173333439552447,-0.20836218889686525,61,0.028695989762680875,-0.3111585084335553,-0.013064791431299466,0.08865681869608222,1.196064441306125,0.10245210713677322
2024-05-09,2024,5,130,1.715243460249E12,20240509T081609_20240509T082103_T36SYB,2.052219,0.33655356695435074,-0.148396161945573,-0.014066903699921954,61,0.018810456983909738,-0.1939148743792134,0.005389105878916736,0.04205056980703046,1.0879638885971874,0.07536719665991644
2024-05-14,2024,5,135,1.715675462448E12,20240514T081611_20240514T082251_T36SYB,35.473919,0.35152586266757063,-0.13332063128003,-0.04346540885798688,61,-0.07513525536596095,-0.36285162094009804,2.40438272263884E-4,0.041376013247156125,1.087187832920204,0.07623136604577666
2024-05-24,2024,5,145,1.716539458651E12,20240524T081601_20240524T082623_T36SYB,27.967146,0.3458445816800414,-0.130647999421827,-0.02808515840288838,61,-2.9590826542477987E-4,-0.22985476305009178,0.0017224983771265275,0.054133075825377006,1.1148070624895008,0.09488460864076285
2024-05-29,2024,5,150,1.716971459226E12,20240529T081609_20240529T082855_T36SYB,6.916958,0.35868877349863276,-0.145317063199555,-0.48126458718051085,61,0.03574248830046737,-0.7021947521602302,-0.01936585235545118,0.06565566574196277,1.1430384736392576,0.04979508584026901
2024-06-03,2024,6,155,1.717403463906E12,20240603T081611_20240603T082744_T36SYB,0.009632,0.39759504484450564,-0.161472893941173,-0.21388242863600676,61,-0.008119322888616625,-0.4159049093457136,-0.011388165892734824,0.14169193048904788,1.3680612784861867,0.18871576700141288
2024-06-08,2024,6,160,1.717835462466E12,20240608T081609_20240608T082251_T36SYB,0.02278,0.3855430333608515,-0.185190690366549,-0.06671522562639656,61,-0.0239984217707073,-0.19073838291698492,-0.0043527193325801575,0.1715051398216815,1.4374543115121903,0.2624429148272009
2024-06-13,2024,6,165,1.718267465556E12,20240613T081611_20240613T082254_T36SYB,0.003869,0.38232813137614163,-0.220680847663055,-0.10509586089668738,61,0.021000283428007242,-0.15552846204629753,-0.007193443062635104,0.13333130774798807,1.3186542073585266,0.1884955458430069
2024-06-18,2024,6,170,1.718699461995E12,20240618T081609_20240618T081917_T36SYB,0.00362,0.35558048665697733,-0.250394420212793,-0.2405631766393004,61,0.043464926208181674,-0.31874767537911125,-0.013889957485640751,0.08642660926840483,1.1942705556459094,0.09095880532433205
2024-06-23,2024,6,175,1.719131463771E12,20240623T081611_20240623T082719_T36SYB,33.319393,0.3562071158678722,-0.283016284528744,-0.014819568640137866,61,-0.05112681244640896,-0.21652870683442446,0.00993350619668584,0.07754028968310823,1.1698018114346809,0.14619436969397961
2024-06-28,2024,6,180,1.719563463271E12,20240628T081609_20240628T082950_T36SYB,0.026005,0.3605806429204269,-0.299117429779027,-0.41064111383360313,61,-0.026209016151344283,-0.6190354884501607,-0.020729767983536904,0.06083479400917295,1.1304517298864414,0.05412092448084527
2024-07-03,2024,7,185,1.719995462989E12,20240703T081611_20240703T082714_T36SYB,0.074247,0.3635431712374865,-0.298836677075658,-0.31762879450049225,61,0.012502148201643914,-0.3735394885467459,-0.023396783178991753,0.06044226569601866,1.1304863208368807,0.06189263809219616
2024-07-08,2024,7,190,1.720427462286E12,20240708T081609_20240708T082149_T36SYB,0.64313,0.37542780440331636,-0.321824089698053,-0.48824945567911393,61,-0.02284428684267289,-0.5506715609376857,-0.022292408566328314,0.11268187201774531,1.2554320432598092,0.08331367870349307
2024-07-13,2024,7,195,1.72085945727E12,20240713T081611_20240713T082612_T36SYB,3.573622,0.3850017979877019,-0.359175995596968,-0.11202278411197952,61,-0.031503861076232265,-0.4357164291032606,-0.0047728787966397675,0.13657865068064684,1.3168703384487657,0.19502987890644696
2024-07-13,2024,7,195,1.720859463891E12,20240713T081611_20240713T083053_T36SYB,1.920566,0.4020390706638582,-0.359175995596968,-0.4391774041814637,61,-0.008518826158034369,-0.4567696100201354,-0.020536293088877614,0.16264634671443562,1.3897519424179658,0.1268913501799406
2024-07-18,2024,7,200,1.721291462869E12,20240718T081609_20240718T082953_T36SYB,0.145723,0.40709049309957007,-0.3831247324097,-0.3787066370019693,61,-0.08573288353676177,-0.7523751490368298,-0.01385363225338707,0.20021367925539188,1.5143565930563234,0.1979735777676702
2024-07-23,2024,7,205,1.721723461465E12,20240723T081611_20240723T082351_T36SYB,0.690708,0.4252797810425992,-0.396678747548081,-0.4653388723220437,61,-0.08954449329672975,-0.728007266025954,-0.017840623267178467,0.20388927900700624,1.5156334217645762,0.16058055104685784
2024-07-28,2024,7,210,1.72215546147E12,20240728T081609_20240728T082249_T36SYB,5.711378,0.3831949639821542,-0.398562495613549,-0.3660922550642819,61,-0.0626308106752566,-0.5633348015662336,-0.020637300512396244,0.15154659871803852,1.3604016823706713,0.15686158153576704
2024-08-02,2024,8,215,1.722587461887E12,20240802T081611_20240802T082131_T36SYB,1.309133,0.41796720423513634,-0.37938847619982,-0.3740827312598536,61,-0.09444011989764964,-0.6601783664863711,-0.016890641518329728,0.19375924094678038,1.4864131619699343,0.18768828168221793
2024-08-12,2024,8,225,1.723451461046E12,20240812T081611_20240812T082759_T36SYB,7.011991,0.4513209104879405,-0.345399585343784,-0.5786802318116234,61,-0.15113945236881518,-0.6999090886600253,-0.01966287296991155,0.24153355380251704,1.6395777078211013,0.15840980260360776
2024-08-17,2024,8,230,1.723883462223E12,20240817T081609_20240817T083003_T36SYB,2.685751,0.40847653900914577,-0.327513086772803,-0.3666421393073724,61,-0.10960354633200264,-0.47394053781994205,-0.018833919638594585,0.18884416167681115,1.4726286786968128,0.17907839600064193
2024-08-22,2024,8,235,1.724315456865E12,20240822T081601_20240822T082459_T36SYB,0.14422,0.43087967627816026,-0.305140373916613,-0.2816131040082243,61,-0.08060495662183138,-0.39359929412936595,-0.014417722705558966,0.18478033719326278,1.4552382835997297,0.18143020796553003
2024-08-27,2024,8,240,1.72474746102E12,20240827T081609_20240827T082937_T36SYB,23.854543,0.381898930533858,-0.293108649571472,-0.13914111918825411,61,-0.0589780714821827,-0.48693538707965717,-0.007291782726790202,0.15151621937935095,1.3581934549611607,0.2230588269477294
2024-09-06,2024,9,250,1.725611461979E12,20240906T081609_20240906T082116_T36SYB,28.507361,0.37686272979041635,-0.262365702950421,-0.14038121940364545,61,-0.08713543453460025,-0.626616359304969,-0.00628452260859509,0.12242118072304008,1.2796063028151128,0.1705161196941435
2024-09-11,2024,9,255,1.726043457806E12,20240911T081601_20240911T082047_T36SYB,0.026168,0.42446409182160544,-0.249593740695277,-0.40591256414387816,61,-0.04951337999409248,-0.7297923310087797,-0.016748736237505158,0.17121269877187362,1.4146600128118214,0.14605552279357692
2024-09-16,2024,9,260,1.726475458025E12,20240916T081559_20240916T083046_T36SYB,38.448182,0.3696573094932037,-0.228439281159431,-0.05734798181024152,61,-0.049292001626172574,-0.4929382427192424,9.147594806650479E-4,0.14860010263083678,1.351957749076942,0.24430789118770146
2024-09-26,2024,9,270,1.727339458894E12,20240926T081619_20240926T082717_T36SYB,5.71E-4,0.4142658171185711,-0.224004960819166,-0.3342294900577132,61,-0.10233241234695367,-0.721409656495432,-0.012566870498370594,0.19694487826179216,1.499068241150943,0.20528616996245108
2024-10-01,2024,10,275,1.727771461455E12,20241001T081741_20241001T082251_T36SYB,41.208345,0.37384293454301487,-0.214013709972991,-0.10065292281163031,61,-0.060127110927131903,-0.5551387575547918,-0.0032880506777092813,0.13065717802762503,1.3016212892811332,0.20338359349287713
2024-10-06,2024,10,280,1.728203459867E12,20241006T081729_20241006T082806_T36SYB,0.733757,0.3951233797327061,-0.213893007616315,-0.2914700155019684,61,-0.044131633428631856,-0.37138434109461466,-0.016048733620666653,0.14507046766385115,1.340182487217881,0.1522415611878971
2024-10-11,2024,10,285,1.728635457286E12,20241011T081851_20241011T082246_T36SYB,1.06922,0.42484950220913736,-0.211653952675776,-0.40815839322090286,61,-0.05446146038044428,-0.6936107237209749,-0.01576196716571926,0.15292565414367393,1.3654414387222635,0.1350695758850786
2024-10-16,2024,10,290,1.729067459534E12,20241016T081829_20241016T082512_T36SYB,0.585177,0.37861471253250184,-0.205465899241898,-0.12086205197376335,61,-0.03230134232164468,-0.2609297862353959,-0.008330275412986045,0.11414270862075578,1.2583967526152702,0.16912928180236061
2024-10-21,2024,10,295,1.729499459383E12,20241021T082001_20241021T082245_T36SYB,0.101141,0.3825171143131043,-0.212557321763596,-0.29762481638564514,61,0.01600542218464994,-0.675740757512987,-0.015634519643339003,0.08151877488679266,1.1779712949458587,0.08483587035308224
2024-10-26,2024,10,300,1.729931460339E12,20241026T081939_20241026T082527_T36SYB,0.00435,0.3651948661137767,-0.198699878242792,-0.2619774832359171,61,0.03580234857506284,-0.41651511944976133,-0.01563247509184881,0.07151133195240211,1.1548994264252075,0.08292773691463323
2024-10-31,2024,10,305,1.73036345967E12,20241031T082101_20241031T082248_T36SYB,9.000746,0.32954385154231675,-0.192899825522719,0.14549185731063427,61,0.056901157225209484,0.27893990660681617,0.023542329529012945,0.09294476487533351,1.2066625864736749,0.24804247813000527
2024-11-05,2024,11,310,1.730795455061E12,20241105T082029_20241105T082027_T36SYB,10.375091,0.3703080634399554,-0.201885259750807,-0.3278889391863938,61,0.00417910678373581,-0.7036836356809251,-0.01445499146006245,0.1284656215120668,1.2973592900543562,0.13981096741616658
2024-11-10,2024,11,315,1.731227457389E12,20241110T082151_20241110T082245_T36SYB,11.603449,0.3672965632030387,-0.197590980489916,-0.1468695189176802,61,0.0410785715322118,-0.42126751807468565,-0.007827361292733046,0.10527069351862846,1.2367553917278333,0.1551136436492538
2024-11-15,2024,11,320,1.731659455919E12,20241115T082119_20241115T082118_T36SYB,0.051961,0.3985616183114004,-0.19575495039938,-0.2204077862500535,61,-0.05943966179432907,-0.6474801651177889,-0.0071798475265316295,0.19818812986219436,1.5024387325900797,0.24057675414577048
2024-11-20,2024,11,325,1.732091458888E12,20241120T082241_20241120T082248_T36SYB,27.369964,0.39927847266047395,-0.198418774480598,-0.1851275395407201,61,-0.08578258166434306,-0.6526518185480813,-0.006435355778839339,0.1800335581701566,1.4411825795859705,0.2376409712721026
2024-11-25,2024,11,330,1.732523460804E12,20241125T082209_20241125T082923_T36SYB,28.6787,0.3630885175767384,-0.187983177069364,-0.013422018022339369,61,0.005839354126905068,-0.7354236526402746,0.006752951171127894,0.1425412926504887,1.3361617373797523,0.2464206916264352
2024-11-30,2024,11,335,1.732955458737E12,20241130T082311_20241130T082312_T36SYB,2.520692,0.3915164167545575,-0.180438257058258,-0.2744490212757738,61,-0.02620145075423667,-0.8081815392850362,-0.010804026676926452,0.12708787572119187,1.2929051998471552,0.14972683302740492
2024-12-05,2024,12,340,1.733387459429E12,20241205T082229_20241205T082248_T36SYB,2.726129,0.38914612622822997,-0.160758553760108,-0.2947040816001966,61,-0.056303650484834114,-0.739246669255124,-0.011346549628008625,0.14931004293460207,1.3581338492318809,0.1688275908308296
2024-12-15,2024,12,350,1.734251460694E12,20241215T082249_20241215T082318_T36SYB,0.802857,0.4017808951186897,-0.11683607556738,-0.2648743416217993,61,-0.06792512228315974,-0.7718510629233128,-0.008467338230453772,0.16385912554386411,1.4049918238163746,0.191475341925097
2024-12-25,2024,12,360,1.735115461173E12,20241225T082249_20241225T082250_T36SYB,0.007694,0.368653191539945,-0.103021819298582,-0.12884590798043793,61,0.014491326472532318,-0.6678075352505003,-0.002921432863636768,0.13209202935649325,1.3087825832328701,0.19211989417279177
2025-01-04,2025,1,4,1.735979459642E12,20250104T082239_20250104T082736_T36SYB,25.322929,0.43138045207273246,-0.085451480259701,0.2775013756816786,61,-0.18491258635587482,-0.4475756505538154,0.027671957671957674,0.2397824397824398,1.6318027528068932,0.44646334259194353
2025-01-09,2025,1,9,1.73641145524E12,20250109T082321_20250109T082320_T36SYB,25.098443,0.47112646318946716,-0.092183003085649,0.018100564776467057,61,-0.18631125444237417,-0.7738982127544878,0.004961417251563431,0.3464241764711053,2.084123427731204,0.6273703600453481
2025-01-19,2025,1,19,1.737275458246E12,20250119T082251_20250119T082250_T36SYB,2.460901,0.4621289204724887,-0.097504757617328,-0.10147682486781995,61,-0.15729626904536403,-0.7894737891417332,-6.093200667775685E-4,0.2873616107930366,1.8198368952531707,0.43315336296736234
2025-01-29,2025,1,29,1.738139486891E12,20250129T082231_20250129T082735_T36SYB,1.820614,0.38244624097953983,-0.127972259480523,-0.018706558912951313,61,-0.06506691423870324,-0.5948067403582572,0.0031277398818048913,0.10573509501581861,1.237497485910807,0.2004356800125124
2025-02-08,2025,2,39,1.739003485941E12,20250208T082141_20250208T082318_T36SYB,8.052021,0.3762852871039837,-0.169054327490316,-0.4589017503730919,61,0.037911607469005966,-0.7272498183071456,-0.019457660590856924,0.06727674640840096,1.1456282065646024,0.05772830503830708
2025-02-18,2025,2,49,1.739867481653E12,20250218T082031_20250218T082936_T36SYB,0.309262,0.41480747593985196,-0.207054077664356,-0.14855068041778416,61,-0.06867915197771281,-0.49278661194916423,-0.005317950526184694,0.18669029217717867,1.465930149745541,0.25195272410556485
2025-02-23,2025,2,54,1.740299463738E12,20250223T081839_20250223T082233_T36SYB,51.126498,0.3461255568504151,-0.218452981686031,-0.33168021954894344,61,0.015724001032415814,-0.8257046326448761,-0.016939917069200176,0.09688634331468343,1.2203758332664543,0.10985072150226657
2025-02-28,2025,2,59,1.740731483819E12,20250228T081921_20250228T082425_T36SYB,0.89713,0.37613244498361087,-0.229179957285881,-0.32972320055963256,61,0.015825447562523895,-0.7285058264728828,-0.014334219522356558,0.06849083479313946,1.1485367092106422,0.07333556282355017
2025-03-05,2025,3,64,1.741163462613E12,20250305T081729_20250305T082813_T36SYB,36.27114,0.31962294058307644,-0.248044133304563,0.07920192091548034,61,0.1488231030174834,-0.24623559940576925,0.017575622985479156,0.07134123532727542,1.154108122698182,0.1329186409441943
2025-03-10,2025,3,69,1.741595482891E12,20250310T081811_20250310T082540_T36SYB,26.562682,0.38690926038320245,-0.240316868765389,-0.19862604751407245,61,-0.04247553401101122,-0.5117708184278232,-0.009369556790584713,0.12761543770876596,1.2987883258051265,0.17126041558575533
2025-03-15,2025,3,74,1.742027461444E12,20250315T081619_20250315T081840_T36SYB,0.001387,0.39766703504551887,-0.22561160817375,-0.3033216562992628,61,-0.06759564539886821,-0.5947440346161678,-0.011717496189645914,0.1760231195786917,1.4404087356333533,0.18839209178512908
2025-03-30,2025,3,89,1.743323481752E12,20250330T082031_20250330T082028_T36SYB,46.022367,0.3557542811887051,-0.26998096974842,-0.1545736771280735,61,-0.026744505709690235,-0.45180187141636535,-0.010349671823025796,0.05070030424757862,1.1077761148072405,0.07539503803033205
2025-04-04,2025,4,94,1.743755458893E12,20250404T081609_20250404T082334_T36SYB,11.260045,0.36044485109416874,-0.261479104358467,-0.458431789636136,61,0.02991200760298013,-0.3088430408001863,-0.025399182160129773,0.04154882635604268,1.0891629779132632,0.032186506230920245
2025-04-09,2025,4,99,1.744187482252E12,20250409T081631_20250409T082155_T36SYB,40.440547,0.35288720310912375,-0.28424305550858,-0.08199641617115966,61,0.03975569682014403,-0.10464935344818843,-0.009274549117984575,0.036927657434903394,1.0770821215141773,0.057584123747784724
2025-04-19,2025,4,109,1.745051480514E12,20250419T081631_20250419T082237_T36SYB,13.622573,0.3933999409790788,-0.271462952248422,-0.5334328861474179,61,0.0025839175845986874,-0.4443073234003841,-0.02060766303719321,0.06517230078416149,1.1403726088124055,0.03849828420732507
2025-04-21,2025,4,111,1.745224273127E12,20250421T082021_20250421T082118_T36SYB,2.855332,0.38515524925121664,-0.277074549784229,-0.5333588381761106,61,-0.0023042397765738755,-0.689737390816142,-0.02164859045068927,0.06919143883479291,1.1503279245393199,0.04613592077561034
2025-04-29,2025,4,119,1.74591548148E12,20250429T081631_20250429T082332_T36SYB,8.913962,0.3698393927673451,-0.293291776683081,-0.3397937796620057,61,-0.012657125641931204,-0.5206842410718517,-0.01989059382959859,0.04291489437201816,1.0904097177362837,0.04424138638566077
2025-05-01,2025,5,121,1.746088273517E12,20250501T082601_20250501T082556_T36SYB,27.422842,0.3532772886366618,-0.299387694640336,0.047826968359425986,61,0.02000321427844478,-0.050429220680453905,0.012176386286876674,0.07702409742056558,1.1671096000912704,0.14653562816411186
2025-05-09,2025,5,129,1.74677947873E12,20250509T081621_20250509T082115_T36SYB,1.342902,0.4176153336640401,-0.290754704647891,-0.4288082834367822,61,0.04702268770260082,-0.2055226599683525,-0.02126000687939414,0.10616322489207505,1.2388348267026572,0.0664298095216285
2025-05-11,2025,5,131,1.746952272586E12,20250511T082021_20250511T082616_T36SYB,0.785555,0.39545591234054317,-0.300174341721283,-0.2119892377472522,61,0.04257853953223869,-0.1058280595127608,-0.01544740086407563,0.10411409366639814,1.233004249362091,0.10876528967541285
2025-05-19,2025,5,139,1.747643477126E12,20250519T081621_20250519T082110_T36SYB,3.9943,0.3489073105016555,-0.312807525342356,-0.12578395285898517,61,-0.007617702177670094,-0.240804112531601,-0.018058564549177293,0.03205490999805177,1.0665828260029988,0.04623748387198296
2025-05-21,2025,5,141,1.747816275661E12,20250521T082601_20250521T082558_T36SYB,2.139071,0.3954529291006421,-0.302272256780356,-0.5179846229740276,61,-0.015068339810703536,-0.618449997105124,-0.023610272499621936,0.09105059188436135,1.2021592099945655,0.05887713787048305
2025-05-24,2025,5,144,1.748075460718E12,20250524T081609_20250524T082325_T36SYB,0.03219,0.38046854195230856,-0.28117867387306,-0.45022886336650797,61,-0.014995985356888425,-0.5300405586002332,-0.02297245380131006,0.0857746790801057,1.1890016265295482,0.06442085440026432
2025-05-29,2025,5,149,1.748507479666E12,20250529T081621_20250529T082909_T36SYB,11.686338,0.36560354021932506,-0.258707572903538,-0.08797844380842956,61,-0.029585184876376472,-0.38638402515326237,-0.004230173150538929,0.08016897751546503,1.1755923876317722,0.12535703243846494
2025-05-31,2025,5,151,1.74868027661E12,20250531T082021_20250531T082620_T36SYB,0.004811,0.3813791136197697,-0.255171749183687,-0.4651871668308045,61,0.03316293610700195,-0.3817666021433392,-0.023805453728661267,0.07410612876422058,1.1609456153336757,0.05111901955540975
2025-06-03,2025,6,154,1.748939460041E12,20250603T081609_20250603T082548_T36SYB,20.59685,0.34258405128735897,-0.262006888202457,-0.06418243052808215,61,-6.868125462603092E-4,-0.17005498646741402,-0.00648726860818142,0.04631872719682959,1.0978240870826268,0.07843171247208128
2025-06-08,2025,6,159,1.749371479853E12,20250608T081621_20250608T082644_T36SYB,0.066244,0.39017543099982455,-0.273064515592894,-0.4338081855556822,61,-0.03134320762230438,-0.5440628467527314,-0.022965461979486363,0.07308088202826256,1.1583718347061385,0.06264680392727687
2025-06-10,2025,6,161,1.74954427505E12,20250610T082601_20250610T082620_T36SYB,0.136566,0.38913504497485985,-0.270736248230496,-0.3778868320260102,61,-0.03894479893975329,-0.4959911663294677,-0.022107977977042982,0.08849844628601702,1.1948351529425183,0.08408737786065353
2025-06-13,2025,6,164,1.749803457577E12,20250613T081559_20250613T081848_T36SYB,0.179528,0.39951253282431404,-0.281575040248344,-0.5244830428437094,61,-0.06170090747055065,-0.652731461205969,-0.021148274517478693,0.13859406930686838,1.3244241028194441,0.0936005522118885
2025-06-18,2025,6,169,1.750235477983E12,20250618T081621_20250618T082205_T36SYB,0.010949,0.4653728502709819,-0.295101224165003,-0.31236566491643725,61,-0.17050966207340357,-0.679785700721766,-0.009801658556691248,0.28374241937354466,1.835496095733926,0.33121207831796595
2025-06-20,2025,6,171,1.750408272935E12,20250620T082021_20250620T082602_T36SYB,1.240351,0.4384438709688038,-0.297176219743792,-0.17866302237926285,61,-0.12920248181184113,-0.6174802386771713,-0.0027184868817070338,0.25502303593432435,1.7544192152252702,0.4140833568635344
2025-06-23,2025,6,174,1.750667460732E12,20250623T081609_20250623T082705_T36SYB,4.483449,0.4182572361720191,-0.28922494254665,-0.031059018930654676,61,-0.16419035845733762,-0.6607351754233826,0.005869891753326277,0.25601589236575945,1.7418688677571215,0.486540812243463
2025-06-28,2025,6,179,1.751099480501E12,20250628T081631_20250628T082957_T36SYB,0.006178,0.4065151470449308,-0.291733904041026,-0.20968272867393037,61,-0.05420795101002921,-0.33764032855754744,-0.010227798141674006,0.1660340490144303,1.4155368413409997,0.2214306533895794
2025-06-30,2025,6,181,1.751272276511E12,20250630T082601_20250630T082621_T36SYB,2.176207,0.37479155746108817,-0.292689006757517,-0.11016704937691515,61,-0.03578667611142616,-0.3479278128092861,-0.008218285963367227,0.10323276117518992,1.2328265071338322,0.15665804062237768
2025-07-03,2025,7,184,1.751531462703E12,20250703T081609_20250703T082924_T36SYB,5.067701,0.3829838911930619,-0.282329950542238,-0.17101687255669526,61,-0.07306966472139562,-0.5162880866239051,-0.009644059279917206,0.13581685517619638,1.3190705946897583,0.1867952632342767
2025-07-08,2025,7,189,1.751963482376E12,20250708T081631_20250708T082937_T36SYB,0.479657,0.4360939679846677,-0.279929632275668,-0.5276106152564239,61,-0.08950246298841585,-0.5636834608870671,-0.021564724157051837,0.1525279940290199,1.3626986490971256,0.09920001765617646
2025-07-10,2025,7,191,1.752136278454E12,20250710T082031_20250710T082622_T36SYB,2.063122,0.40619259384087897,-0.272381236170107,-0.22891828486289573,61,-0.09808518007780738,-0.6163238374442784,-0.011572222251874775,0.15391990893561816,1.3647667885593266,0.19117650963326996
2025-07-13,2025,7,194,1.752395463046E12,20250713T081609_20250713T082020_T36SYB,1.132674,0.41569503564249505,-0.253453885422308,-0.517944379817239,61,-0.09661550722257234,-0.7904383563640281,-0.018777222170330236,0.1628470628057873,1.3928368064306371,0.11225781413070801
2025-07-18,2025,7,199,1.752827482738E12,20250718T081631_20250718T082959_T36SYB,0.005707,0.40180920057895025,-0.221840309790219,-0.1932543775807066,61,-0.0558495959988237,-0.3753021556134786,-0.011569240924092415,0.12736736840732407,1.3102930459150806,0.16060241539809123
2025-07-20,2025,7,201,1.753000278827E12,20250720T082601_20250720T082601_T36SYB,23.151185,0.4250642361972058,-0.21689187073678,-0.31841052152755883,61,-0.12657336734177005,-0.6715381002674772,-0.014964423331821049,0.19508587700653096,1.4916319657515664,0.21889736884806935
2025-07-23,2025,7,204,1.753259461795E12,20250723T081609_20250723T082250_T36SYB,0.650204,0.3929088874854738,-0.215894658365985,-0.34137983938064675,61,-0.0818664248949646,-0.5377363207896141,-0.019528122385014793,0.1377340982010764,1.329331340898981,0.13590207939137994
2025-07-28,2025,7,209,1.753691481479E12,20250728T081631_20250728T082914_T36SYB,0.015129,0.39907955839052484,-0.215009311994017,-0.3323101500373574,61,-0.05651220385727571,-0.44841295508681406,-0.020652733817856178,0.10849531960320162,1.2471974298049928,0.11576128398261117
2025-07-30,2025,7,211,1.753864277427E12,20250730T082021_20250730T082900_T36SYB,2.060043,0.3987955753007684,-0.211164066028537,-0.1711116265435239,61,-0.052776911066408076,-0.3612636898702204,-0.010740833437117295,0.13890213901413292,1.3256996080926637,0.18104970622150143
2025-08-02,2025,8,214,1.754123459815E12,20250802T081609_20250802T082921_T36SYB,7.497434,0.36993733887772823,-0.20760944562239,-0.0957713542570931,61,-0.04683841566906669,-0.35949807343049783,-0.005772456351430293,0.11021360125308301,1.2489539618813503,0.1702184131841786
2025-08-07,2025,8,219,1.754555478247E12,20250807T081621_20250807T082249_T36SYB,1.497251,0.43851691312413743,-0.185059532390972,-0.24073384664018976,61,-0.11867486037071712,-0.5193821953754542,-0.009617973025065313,0.23203289873323968,1.6181767687574664,0.2777404919622791
2025-08-09,2025,8,221,1.754728273998E12,20250809T082601_20250809T082619_T36SYB,7.134186,0.39901949530934083,-0.169783889271433,-0.17255773905815053,61,-0.057070602644601155,-0.23474999197275642,-0.014785004944564532,0.15117860354784862,1.3591079993157666,0.20213751523031565
2025-08-12,2025,8,224,1.754987461664E12,20250812T081609_20250812T083046_T36SYB,0.023872,0.3787035917259644,-0.155917514028561,0.02343471388906457,61,-0.03163099317026675,0.015342638867735453,0.0025281458772561894,0.13448305611984976,1.3132849116909442,0.24191319726261293
2025-08-17,2025,8,229,1.755419478958E12,20250817T081621_20250817T082028_T36SYB,9.758162,0.3817516251782116,-0.127314486490392,-0.10554059086157368,61,-0.06120076939641123,-0.31623170250336197,-0.008050189680019217,0.1183888968540051,1.2721933289634761,0.1758860239845682
2025-08-19,2025,8,231,1.755592273164E12,20250819T082021_20250819T082335_T36SYB,0.224173,0.38629340040689714,-0.125043334076659,-0.13550328724919,61,-0.05375667367150082,-0.5117780013749123,-0.00637952763470417,0.13447839973174983,1.31551949150117,0.18980193683474564
2025-08-22,2025,8,234,1.755851461655E12,20250822T081609_20250822T082854_T36SYB,1.480251,0.3810801286969171,-0.115795325271566,-0.09602591091073513,61,-0.07972944633397028,-0.47990488882606264,-0.003742303662980855,0.14729106214844118,1.3463522010094542,0.22920583275611173
2025-08-27,2025,8,239,1.756283478732E12,20250827T081621_20250827T082955_T36SYB,31.460443,0.4123406622114012,-0.098160388925869,-0.08882818787610351,61,-0.12617658728676437,-0.4801833922380523,-0.0035441519960621387,0.20090525613864152,1.5046715118499863,0.30501139619966466
2025-08-29,2025,8,241,1.756456274026E12,20250829T082601_20250829T082619_T36SYB,1.502284,0.4151532918509919,-0.096366175284565,-0.060422346578000274,61,-0.09271334554994319,-0.529222782804854,3.4217531187080957E-4,0.19961909194901506,1.5009851266551177,0.3127301090769637
2025-09-01,2025,9,244,1.756715459783E12,20250901T081609_20250901T082111_T36SYB,0.345317,0.41927066171369237,-0.093793645687116,-0.05704838997875171,61,-0.13848325669350872,-0.6578865409438585,0.0016207334042029529,0.23610726369005286,1.641943864907611,0.39424958875903826
2025-09-06,2025,9,249,1.757147476013E12,20250906T081621_20250906T082934_T36SYB,0.227959,0.4500548429463894,-0.086136185035723,-0.02621012036968637,61,-0.17754031093962672,-0.6152356478115748,0.0036192407684164664,0.2827318278532827,1.8145270268931744,0.4832206563554219
2025-09-08,2025,9,251,1.757320272003E12,20250908T082021_20250908T082616_T36SYB,22.259448,0.4103931360650856,-0.086609692680861,0.026029483440414707,61,-0.12624590798264157,-0.5048845098117367,0.01072392849729717,0.21074985033156227,1.5438124012393468,0.3917981293101946
2025-09-11,2025,9,254,1.757579458207E12,20250911T081559_20250911T082043_T36SYB,0.582503,0.42860151651420914,-0.09534399783961,-0.07798077158409908,61,-0.15511113852636088,-0.6820172565478722,2.44087427610694E-5,0.2500564404306599,1.678642168890242,0.38877999619510767
2025-09-16,2025,9,259,1.758011472562E12,20250916T081621_20250916T082525_T36SYB,4.965528,0.4289760861476338,-0.123137960021736,-0.013198557205564992,61,-0.14531997017725984,-0.5589466081852145,0.005168763451142957,0.25516740123931303,1.707664749657989,0.4633390046458315
2025-09-18,2025,9,261,1.758184273795E12,20250918T082601_20250918T082556_T36SYB,9.198695,0.44241167963783756,-0.13193487718685,-0.20263150086296156,61,-0.12099875032235817,-0.6036453493294652,-0.008328141155085856,0.2496910471365303,1.6817140635280723,0.3366700722249276
2025-09-21,2025,9,264,1.758443458053E12,20250921T081559_20250921T082228_T36SYB,0.004383,0.3969259472702731,-0.143714010208891,-0.1057204222310364,61,-0.06495191184711714,-0.5330788171590384,-0.003345668605944151,0.16849838264355152,1.4104914046664194,0.25043202477122806
2025-09-26,2025,9,269,1.758875474695E12,20250926T081721_20250926T082539_T36SYB,18.357936,0.42074460072109626,-0.159084847095257,-0.13386261888902992,61,-0.0884608539634889,-0.3138707530410099,-0.008522223363845819,0.18455605280071355,1.4582704000431295,0.26402411803452797
2025-09-28,2025,9,271,1.759048274947E12,20250928T082021_20250928T082857_T36SYB,0.00436,0.43303170344613906,-0.163750734337321,-0.2717617978425222,61,-0.0782151004823873,-0.6051221259225898,-0.012032048028252959,0.18941739395440457,1.4767081190369649,0.2107496533642732
2025-10-01,2025,10,274,1.75930745982E12,20251001T081649_20251001T082009_T36SYB,19.548592,0.38506804303708186,-0.174870379250214,-0.0046542520285586435,61,-0.09514479237974503,-0.4083751808101045,0.005907144745810037,0.16872716901826956,1.4117093040143167,0.2988352627403601
2025-10-06,2025,10,279,1.759739474144E12,20251006T081831_20251006T082708_T36SYB,5.828955,0.3947018584627754,-0.179164685357225,-0.09745605075319067,61,-0.036320629641755614,-0.37016681993608924,-0.00449190126290257,0.13598110229284885,1.3165496778092671,0.20675708982378133
2025-10-08,2025,10,281,1.759912274817E12,20251008T082601_20251008T082619_T36SYB,1.44333,0.4053044526191157,-0.182034318603588,-0.28502372031072604,61,-0.03432144312311134,-0.6309030085098442,-0.013240368892684425,0.14277689657121675,1.3406018761349818,0.1655820446724076
2025-10-11,2025,10,284,1.760171458163E12,20251011T081759_20251011T082743_T36SYB,0.001569,0.3871393641785473,-0.191426017340594,-0.2847248293000801,61,-0.026621745315555907,-0.6417561045360737,-0.014886527707352945,0.13198334350881158,1.3086396149708353,0.148624397210187
2025-10-16,2025,10,289,1.760603470008E12,20251016T081931_20251016T082600_T36SYB,0.331047,0.40496052751833866,-0.206720281096237,-0.42225302485517846,61,-0.040246011322069425,-0.6400563460834674,-0.020175227650123497,0.09219682181009785,1.2113663315420453,0.08021433680907554
2025-10-18,2025,10,291,1.760776273853E12,20251018T082021_20251018T082617_T36SYB,3.527218,0.3824964925586294,-0.213117953481999,-0.36769864304087047,61,-0.011891769123585793,-0.7491825395728162,-0.017980269393516178,0.07188809797565454,1.1565946594181495,0.07072992109821387
2025-10-21,2025,10,294,1.761035459588E12,20251021T081859_20251021T082450_T36SYB,0.695363,0.3768698744740375,-0.217914057251113,-0.3589304783564,61,0.01700812880014734,-0.47059950741066847,-0.018588376589006625,0.07788188868255685,1.1712083177504666,0.07532034508524355
2025-10-26,2025,10,299,1.761467467787E12,20251026T082041_20251026T082040_T36SYB,3.663871,0.3727298809564597,-0.231875675096352,-0.22849806727994731,61,0.01035258423249668,-0.43371951498584854,-0.013631386716838795,0.05657582953318379,1.1205534711996685,0.0715528561874584
2025-10-26,2025,10,299,1.761467474438E12,20251026T082041_20251026T083104_T36SYB,8.486116,0.37203406079875967,-0.231875675096352,-0.22044411030543745,61,0.0087479107354796,-0.42868541141601074,-0.013178950225211199,0.06649086968140522,1.143072034586511,0.08592349110636768
2025-10-28,2025,10,301,1.761640275986E12,20251028T082601_20251028T082621_T36SYB,0.003251,0.3731283148743848,-0.236334675824643,-0.22254902881940805,61,0.004830301256518447,-0.49605764174699096,-0.01342629533505912,0.07938880232117093,1.1734110443539356,0.10000266811493581
2025-10-31,2025,10,304,1.761899457583E12,20251031T081959_20251031T082627_T36SYB,0.003152,0.3808932785291914,-0.229843258809172,-0.31682119700091876,61,-0.0036170344318084057,-0.6984518653263379,-0.01492382251163122,0.09105550040142225,1.201178847737731,0.09511993729931123
2025-11-05,2025,11,309,1.762331471839E12,20251105T082141_20251105T083047_T36SYB,25.129202,0.351929919700215,-0.230827854246646,0.04937477026619312,61,-0.024561398919822442,-0.08106834282745166,0.008652451987039789,0.08247771192631427,1.181531119956677,0.164614129240389
2025-11-07,2025,11,311,1.762504275383E12,20251107T082151_20251107T082619_T36SYB,1.224561,0.3652554756244113,-0.231804653829412,-0.1506903013303721,61,0.011538989071574409,-0.4262732138802015,-0.009253792065864267,0.06932846469335259,1.1494978441382786,0.09967457826991243
2025-11-10,2025,11,314,1.762763455577E12,20251110T082059_20251110T082107_T36SYB,0.201542,0.3648471229697806,-0.229058945686034,-0.22406256316514203,61,0.02005227669279914,-0.44221895954220775,-0.012072852109334925,0.07072456422592774,1.1527242950238534,0.08850822921800863
2025-11-27,2025,11,331,1.764232276599E12,20251127T082321_20251127T082910_T36SYB,0.002442,0.38532831220065394,-0.224005931475929,-0.3067694925880013,61,-0.006270536628156179,-0.6074059853898399,-0.014073818219423016,0.0912823026832819,1.2024404287329584,0.09591389965919732
2025-11-30,2025,11,334,1.764491453201E12,20251130T082209_20251130T082212_T36SYB,51.873529,0.3344156086866697,-0.225838210036628,0.07728404140908979,61,-0.09745143940062906,-0.31191643670715274,0.02551936018016417,0.0486498275723344,1.1035783893638647,0.09207502263871482
2025-12-05,2025,12,339,1.764923466722E12,20251205T082331_20251205T082755_T36SYB,0.839785,0.3748002430092475,-0.24314872457725,-0.14116775403203038,61,0.008305738130257086,-0.36004587880043987,-0.008394823166952812,0.0825647596591003,1.1815322617505735,0.12516488866140163
2025-12-17,2025,12,351,1.765960274839E12,20251217T082401_20251217T082619_T36SYB,0.15709,0.3747777574286943,-0.268033257471669,-0.4049485651115062,61,0.030316264895278097,-0.8242915398087005,-0.017127790913862278,0.054072411686706935,1.115868081698569,0.050448052923535665
2025-12-20,2025,12,354,1.766219457749E12,20251220T082249_20251220T082249_T36SYB,34.809619,0.35042551159803825,-0.261468742887298,-0.35986885122293527,61,0.0171969387757895,-0.7951591740599598,-0.018918009542194112,0.0400340104543903,1.0846847277924654,0.04254423504031174
2025-12-25,2025,12,359,1.766651467164E12,20251225T082351_20251225T082838_T36SYB,3.075454,0.3625832619537947,-0.240788152298569,-0.20092774373862685,61,0.017847512447518046,-0.5552811004907156,-0.01029452074789689,0.04551048141180788,1.0967871496810748,0.06510691139826802
2026-01-04,2026,1,4,1.767515465641E12,20260104T082341_20260104T082815_T36SYB,1.58316,0.37290959048655076,-0.198075329711872,-0.4266819234274267,61,0.05557376614460238,-0.7265986881264995,-0.017811883330516344,0.029677243311580045,1.0638417477482311,0.027776717837336203
2026-01-14,2026,1,14,1.768379460939E12,20260114T082311_20260114T082720_T36SYB,43.646219,0.3508221682468847,-0.118967297288592,-0.25156897508941956,61,0.03597842979479546,-0.5269661090737502,-0.014148240795103774,0.04535755848453064,1.0959547245573436,0.060440238901655015
2026-01-19,2026,1,19,1.768811456197E12,20260119T082149_20260119T082151_T36SYB,30.030176,0.33656207024315676,-0.099431735406862,-0.09898901611926206,61,0.04508954482694957,-0.6029621181598225,-0.0013692579425764468,0.04701449800929824,1.0992579514000806,0.07333506782999083
2026-02-08,2026,2,39,1.770539453746E12,20260208T082009_20260208T082313_T36SYB,32.980177,0.2546996797372805,-0.136063101293614,0.35999962515459627,61,0.4906006405254388,0.7047385378516481,0.015256557555206203,0.15646151581548978,1.3824087514230001,0.400750973029023
2026-02-18,2026,2,49,1.771403455628E12,20260218T081909_20260218T082026_T36SYB,8.103099,0.3502120131012182,-0.174434567644589,-0.27051206481704004,61,0.06998283489625944,-0.37385194992905996,-0.017678887991898918,0.05681020314868894,1.1218935559595735,0.06205673951022912
2026-02-18,2026,2,49,1.771403483145E12,20260218T083101_20260218T083101_T36SYB,8.134393,0.3630434346594205,-0.174434567644589,-0.28663219543024687,61,0.07635474260590049,-0.3762353066633893,-0.018410456523415154,0.06401666839586533,1.1383223418806037,0.06723505133234839
2026-02-28,2026,2,59,1.772267457729E12,20260228T081759_20260228T082935_T36SYB,2.560838,0.3537647923333936,-0.227685485820088,-0.6604733284063392,61,0.05417602013279318,-0.8764290645899213,-0.028829237388024516,0.033830248909219936,1.0717724506011417,0.020782544277338274
2026-03-05,2026,3,64,1.772699459784E12,20260305T081821_20260305T082651_T36SYB,0.445964,0.36751633473244794,-0.244042163365349,-0.41600259402572065,61,0.042598711639373246,-0.6913671919372412,-0.02093100707510104,0.02399740061944056,1.0514806579873686,0.024477795706416797
2026-03-10,2026,3,69,1.773131457426E12,20260310T081649_20260310T082849_T36SYB,0.340749,0.33309369010161943,-0.270471558190403,-0.14952535005658363,61,0.09548164963768635,-0.7252996948888539,-0.004462423081256912,0.05355456606556689,1.113508947921638,0.0769985281948255
2026-03-17,2026,3,76,1.773736280608E12,20260317T082031_20260317T082027_T36SYB,0.102345,0.409152689058723,-0.316229011836101,-0.6576003647053642,61,-0.023621791800604672,-0.7458883397842969,-0.02284657819083794,0.10752992605408469,1.2419707404859883,0.06225383663322725
2026-04-04,2026,4,94,1.775291459037E12,20260404T081601_20260404T082215_T36SYB,5.35343,0.36856928285224194,-0.326384592249573,0.056159336005127534,61,0.06219131221585613,0.05195614573956982,0.012055127350336108,0.0526798512916554,1.111630568146235,0.0940673722838506
2026-04-14,2026,4,104,1.77615545798E12,20260414T081601_20260414T082731_T36SYB,4.310215,0.3581693701620308,-0.305517426802986,-0.23532941035244373,61,0.09613874164870517,-0.24756905914398888,-0.01597219506047639,0.030680329176500987,1.0642338606646395,0.033107110542468426
2026-04-16,2026,4,106,1.776328278467E12,20260416T082601_20260416T082601_T36SYB,15.047425,0.373319058582437,-0.282681324639252,-0.39497255644321716,61,0.07080428159133112,-0.1657270194691459,-0.027405853867731807,0.05292485414228819,1.112349829947042,0.039541411459577035
2026-04-24,2026,4,114,1.77701945997E12,20260424T081601_20260424T082733_T36SYB,55.227125,0.3632536816116889,-0.250201950576351,-0.08398375350268175,61,0.028790388439494517,-0.11548137115716096,-0.005566685895538734,0.048622091006481044,1.102974586014277,0.06412307995039575
2026-04-29,2026,4,119,1.777451455995E12,20260429T081559_20260429T083033_T36SYB,1.39973,0.3986671954149098,-0.24823361445118,-0.9142842181460763,61,-0.017184933322170165,-0.8962878756040366,-0.023666288233270775,0.09933217207443398,1.2283364081699393,0.023847935636389744
2026-05-06,2026,5,126,1.778056271846E12,20260506T082551_20260506T082554_T36SYB,60.478407,0.34647010133605,-0.260906646698561,-0.48659308611716845,61,-0.031265269615556014,-0.1791074853255589,-0.013225363873416445,-0.0019845391180554157,1.0105511662634146,0.035550074006144954
2026-05-09,2026,5,129,1.778315456468E12,20260509T081559_20260509T082741_T36SYB,0.128493,0.3726097143163989,-0.282945114877381,-0.12099557112134411,61,-0.001283058715444583,-0.09699676962032673,-0.011735027917886122,0.111230577677767,1.252124005653424,0.15547798446757036
2026-05-16,2026,5,136,1.77892027442E12,20260516T082021_20260516T082021_T36SYB,51.561069,0.3392085601871712,-0.297582221934946,0.16844854870056045,61,-0.029975067723593016,0.00949683944863664,0.03734206611570247,0.04715281143566929,1.1001133374826262,0.10158931063687655
2026-05-19,2026,5,139,1.77917945567E12,20260519T081559_20260519T082411_T36SYB,55.169046,0.3466262632825215,-0.300475714860745,-0.0960036050276725,61,-0.0027696619397514226,-0.2804268013599938,-0.009880492173206535,0.05795504994540553,1.1239119400215274,0.09061652836257436
2026-05-24,2026,5,144,1.779611457385E12,20260524T081601_20260524T082311_T36SYB,6.051997,0.40060095648711064,-0.30517554740124,-0.6512341202079269,61,-0.052743770888343866,-0.5116383599932811,-0.03290135125236176,0.06722672904745305,1.1463716548557794,0.032123258719030434
2026-05-26,2026,5,146,1.779784275894E12,20260526T082601_20260526T082558_T36SYB,1.900617,0.3665335076792804,-0.307882443615617,-0.35105379991714836,61,2.7503760155405223E-4,-0.4652074768415643,-0.026756767663289247,0.04926420744140318,1.1048059055539412,0.04921762757345718
2026-05-29,2026,5,149,1.780043454059E12,20260529T081559_20260529T082220_T36SYB,30.173349,0.34664959548005964,-0.303362929179487,0.008992037656238187,61,-0.06277838726939804,-0.2253520781512704,0.008625415578030628,0.07396518030123989,1.1621315350302497,0.14715807219778954
2026-06-05,2026,6,156,1.780648275385E12,20260605T082021_20260605T082022_T36SYB,4.50254,0.3666699307917011,-0.25255426942041,-0.25771608831270604,61,-0.0020078172749362607,-0.44459267964367305,-0.021096099561438635,0.05738535082728239,1.1237369019240033,0.06609818360710475
2026-06-08,2026,6,159,1.780907456848E12,20260608T081559_20260608T082527_T36SYB,2.38399,0.38339297087329466,-0.243028906281502,-0.5902461671508812,61,-0.04188596939320932,-0.7344525634214647,-0.026890656144455426,0.10392111130394616,1.232970958614935,0.06455601121083446
2026-06-13,2026,6,164,1.781339459132E12,20260613T081601_20260613T082243_T36SYB,3.930246,0.380465613046758,-0.271567572848016,-0.17749236650268507,61,-0.04830110992678423,-0.49546677680310924,-0.010738218503791079,0.10438487799237808,1.234840146624064,0.14467852003938214
2026-06-15,2026,6,166,1.781512275156E12,20260615T082601_20260615T082558_T36SYB,13.487305,0.3828159876576477,-0.29187817663867,-0.2540281596176091,61,-0.021344903606882334,-0.6050596532690413,-0.013237501593825151,0.10496958353164534,1.2371494511986345,0.117150989473681
2026-06-18,2026,6,169,1.781771457824E12,20260618T081559_20260618T082619_T36SYB,0.517102,0.38732588707461235,-0.308046007090413,-0.4953858885415651,61,-0.04000762136221022,-0.701756632889407,-0.022491105136120088,0.10937414999423647,1.2480068614661748,0.08001094613077797
2026-06-23,2026,6,174,1.782203458963E12,20260623T081601_20260623T082913_T36SYB,10.865063,0.359317404442866,-0.304958940165005,-0.09964692697137678,61,-0.01676894780990921,-0.23217600804231878,-0.013045767638084557,0.07115269346794934,1.1568603726549385,0.11684709329832779
2026-06-25,2026,6,176,1.782376276021E12,20260625T082021_20260625T082023_T36SYB,0.251698,0.37409424731434643,-0.289029665344632,-0.29954987035022407,61,-0.016369856865584023,-0.40333077402516493,-0.02321357804109252,0.09041475104738482,1.201289027753594,0.10923612517796591
2026-06-28,2026,6,179,1.782635457223E12,20260628T081559_20260628T082426_T36SYB,4.919038,0.41240250248061844,-0.282367140632724,-0.5856259229559736,61,-0.11124841632344694,-0.7009109905727846,-0.021580358395677856,0.1942784168243544,1.5364026667469428,0.18809625299559765
2026-07-03,2026,7,184,1.783067458183E12,20260703T081601_20260703T082116_T36SYB,8.288158,0.3915491703629749,-0.301577574256253,-0.12621625250721333,56,-0.0850925581756951,-0.4869352592717064,-0.005910532938064695,0.12905674137154963,1.3026522807694971,0.1894698353076654
2026-07-05,2026,7,186,1.783240275197E12,20260705T082601_20260705T082558_T36SYB,18.437162,0.388469936582365,-0.305318804894126,-0.26971943729678965,54,-0.06736127062632927,-0.5073017036561832,-0.01787761248698994,0.1134661082772269,1.265737729082389,0.12547295202949268
2026-07-08,2026,7,189,1.78349945795E12,20260708T081559_20260708T082735_T36SYB,27.014512,0.3674056752477377,-0.301598767068756,-0.12170757729283238,51,-0.06031220896173551,-0.4288047011450469,-0.009475989594916372,0.10482577194964318,1.2380975987514555,0.15903933342265814
2026-07-13,2026,7,194,1.783931460179E12,20260713T081601_20260713T082411_T36SYB,1.823368,0.4208940843001371,-0.288169867088011,-0.5629765872776176,46,-0.09752450420937026,-0.647404256865675,-0.026271793149665386,0.15354842850572317,1.370652717170441,0.1115556514697908
2026-07-15,2026,7,196,1.784104275977E12,20260715T082021_20260715T082022_T36SYB,0.401279,0.4068662520584786,-0.292330937647403,-0.496405946742414,44,-0.06383857547487244,-0.6753513717612442,-0.02323592513766203,0.14283013360432922,1.3379592642047946,0.11354213476650893
2026-07-18,2026,7,199,1.78436345962E12,20260718T081609_20260718T082107_T36SYB,0.021357,0.3555231436921396,-0.289246806066073,-0.12446910922028807,41,-0.02443319245582583,-0.24531280983156525,-0.019527210086911655,0.06973008387917902,1.1509191802121512,0.10595100934009924
2026-07-23,2026,7,204,1.784795461077E12,20260723T081611_20260723T082303_T36SYB,0.249886,0.4419074060063386,-0.282601875809487,-0.38440991820282555,36,-0.1418188366220792,-0.6380333628642477,-0.017955512529689622,0.23035430916203425,1.6294945223289594,0.24301014670596074
2026-07-25,2026,7,206,1.784968277242E12,20260725T082601_20260725T082600_T36SYB,15.587069,0.36441730833448255,-0.29042418245616,0.007675095249022399,34,-0.043631905925439654,-0.17831622984382925,0.009950108252015548,0.10045939249101069,1.2261207374994567,0.18568613933334913
2026-07-28,2026,7,209,1.785227460041E12,20260728T081609_20260728T082534_T36SYB,0.013032,0.38448976878689006,-0.280312791608161,-0.14718832500029855,31,-0.07310931466458144,-0.40656503806321065,-0.010790405676686269,0.14953085943304004,1.3684200476621557,0.22517183228566817
